site,wildtype,mutant,effect
1,S,*,-0.6623
1,S,A,0.023196
1,S,C,0.0086178
1,S,D,-0.62069
1,S,E,-0.78012
1,S,F,-0.26123
1,S,G,0.032209
1,S,H,0.11868
1,S,I,-0.021771
1,S,K,0.049808
1,S,L,-0.75905
1,S,M,-0.41633
1,S,N,-0.0051741
1,S,P,0.038612
1,S,Q,-0.20023
1,S,R,-0.013665
1,S,S,0
1,S,T,0.011887
1,S,V,0.053039
1,S,W,-0.66923
1,S,Y,-0.28639
2,G,*,-0.84345
2,G,A,-0.3185
2,G,C,-0.27459
2,G,D,-0.60408
2,G,E,-0.95327
2,G,F,-0.31053
2,G,G,0
2,G,H,0.0070918
2,G,I,-0.46127
2,G,K,-0.089048
2,G,L,-0.41153
2,G,M,-0.19659
2,G,N,-0.11959
2,G,P,-0.15323
2,G,Q,-0.21603
2,G,R,-0.099534
2,G,S,-0.33553
2,G,T,-0.14866
2,G,V,-0.26054
2,G,W,-0.1248
2,G,Y,-0.34357
3,F,*,-0.8933
3,F,A,-1.0812
3,F,C,-0.93052
3,F,D,-0.67274
3,F,E,-0.83776
3,F,G,-1.1718
3,F,H,-0.79812
3,F,I,-0.20979
3,F,K,-0.94319
3,F,L,-0.071958
3,F,M,-0.038824
3,F,N,-0.84994
3,F,P,-0.77441
3,F,Q,-1.1825
3,F,R,-1.3724
3,F,S,-1.1026
3,F,T,-1.0362
3,F,V,-0.72745
3,F,W,-0.30891
3,F,Y,-1.1489
4,R,*,-0.88792
4,R,A,-0.88925
4,R,C,-0.28686
4,R,D,-1.2204
4,R,E,-0.44863
4,R,F,-1.0996
4,R,G,-1.2549
4,R,H,-0.46261
4,R,I,0.060512
4,R,K,-0.084705
4,R,L,-0.084676
4,R,M,-0.27291
4,R,N,-0.25071
4,R,P,-0.064557
4,R,Q,-1.0197
4,R,R,0
4,R,S,0.025917
4,R,T,-0.35633
4,R,V,0.13371
4,R,W,-0.82156
4,R,Y,-1.701
5,K,*,-0.94183
5,K,A,0.0018117
5,K,C,-0.069711
5,K,D,-1.3427
5,K,E,-1.0929
5,K,F,0.12188
5,K,G,-0.58615
5,K,H,0.0044001
5,K,I,-0.099364
5,K,L,-0.09993
5,K,M,0.0476
5,K,P,0.049067
5,K,Q,-0.19819
5,K,R,-0.15219
5,K,S,-0.036478
5,K,T,-0.23706
5,K,V,-0.35568
5,K,W,0.08311
5,K,Y,-0.030747
6,M,*,-0.51723
6,M,A,-0.71258
6,M,C,-0.39563
6,M,D,-0.52746
6,M,E,-0.9735
6,M,F,-0.15819
6,M,G,-1.0311
6,M,H,-1.1842
6,M,I,0.019724
6,M,K,-0.39242
6,M,L,-0.089233
6,M,N,-0.66906
6,M,P,-0.7743
6,M,Q,-0.35523
6,M,R,-1.3204
6,M,S,-0.84427
6,M,T,-0.54675
6,M,V,-0.016885
6,M,W,-0.57426
6,M,Y,-0.41033
7,A,*,-1.0452
7,A,A,0
7,A,C,-0.17282
7,A,D,-1.1737
7,A,E,-1.2279
7,A,F,-1.6657
7,A,G,-1.9904
7,A,H,-0.88215
7,A,I,-1.5139
7,A,K,-0.74892
7,A,L,-1.289
7,A,M,-1.7596
7,A,N,-1.7013
7,A,P,-1.4159
7,A,Q,-2.0298
7,A,R,-1.4825
7,A,S,-0.09277
7,A,T,-0.39728
7,A,V,-0.20463
7,A,W,-1.2521
7,A,Y,-0.79305
8,F,*,-1.4368
8,F,A,-0.080933
8,F,C,0.032354
8,F,D,-0.93846
8,F,E,-0.84578
8,F,F,0
8,F,G,-2.0421
8,F,H,-0.017191
8,F,I,-1.1768
8,F,K,-0.91503
8,F,L,-0.31792
8,F,M,-0.1916
8,F,N,-0.22263
8,F,P,-1.3004
8,F,Q,-0.078345
8,F,R,-1.2228
8,F,S,-0.2877
8,F,T,-0.46034
8,F,V,-0.67156
8,F,W,-0.049636
8,F,Y,0.016569
9,P,*,-1.2579
9,P,A,-1.3239
9,P,C,-0.78614
9,P,D,-0.77643
9,P,E,-1.3306
9,P,F,-1.1193
9,P,G,-1.1374
9,P,H,-0.67144
9,P,I,-0.82678
9,P,K,-0.77701
9,P,L,-1.5195
9,P,M,-0.38531
9,P,N,-0.9793
9,P,P,0
9,P,Q,-0.64245
9,P,R,-0.86131
9,P,S,-1.2591
9,P,T,-1.0798
9,P,V,-1.1614
9,P,W,-1.2377
9,P,Y,-0.8434
10,S,*,-1.3193
10,S,A,-1.2923
10,S,C,-0.91636
10,S,D,-1.6414
10,S,E,-0.92097
10,S,F,-1.0804
10,S,G,-1.4803
10,S,H,-0.82997
10,S,I,-0.64362
10,S,K,-0.92461
10,S,L,-1.2992
10,S,M,-0.40518
10,S,N,-0.91506
10,S,P,-1.0059
10,S,Q,-0.82868
10,S,R,-1.2486
10,S,S,0
10,S,T,-0.013033
10,S,V,-1.1912
10,S,W,-1.5234
10,S,Y,-1.0613
11,G,*,-1.3345
11,G,A,-1.0988
11,G,C,-0.97939
11,G,D,-0.92218
11,G,E,-0.98624
11,G,F,-0.94834
11,G,G,0
11,G,H,-0.68838
11,G,I,-0.92336
11,G,K,-0.76508
11,G,L,-1.1057
11,G,M,-0.95642
11,G,N,-1.0241
11,G,P,-1.1002
11,G,Q,-1.4608
11,G,R,-1.4529
11,G,S,-1.572
11,G,T,-0.62028
11,G,V,-1.366
11,G,W,-0.71518
11,G,Y,-0.75185
12,K,*,-0.86021
12,K,A,-0.5561
12,K,C,-0.83488
12,K,D,-1.0677
12,K,E,-1.4332
12,K,F,-1.1284
12,K,G,-1.6051
12,K,H,-0.45812
12,K,I,-0.79847
12,K,K,0
12,K,L,-1.0358
12,K,M,-0.56255
12,K,N,-1.8283
12,K,P,-1.2312
12,K,Q,-0.33261
12,K,R,-0.24024
12,K,S,-1.2885
12,K,T,-1.5353
12,K,V,-1.0294
12,K,W,-1.3473
12,K,Y,-1.1536
13,V,*,-1.3555
13,V,A,-0.056569
13,V,C,-0.18441
13,V,D,-1.229
13,V,E,-0.74281
13,V,F,-1.1213
13,V,G,-1.372
13,V,H,-0.89507
13,V,I,0.016283
13,V,K,-1.1077
13,V,L,-1.9687
13,V,M,-1.0927
13,V,N,-0.75672
13,V,P,-1.1276
13,V,Q,-0.84685
13,V,R,-1.3616
13,V,S,-0.99048
13,V,T,-0.27214
13,V,V,0
13,V,W,-1.1315
13,V,Y,-1.0245
14,E,*,-1.2028
14,E,A,-1.2171
14,E,C,-1.1609
14,E,D,-1.0499
14,E,F,-1.4182
14,E,G,-1.5669
14,E,H,-1.7701
14,E,I,-0.59323
14,E,K,-1.0348
14,E,L,-1.3273
14,E,M,-0.97949
14,E,N,-0.96202
14,E,P,-1.1807
14,E,Q,-1.221
14,E,R,-1.5777
14,E,S,-1.472
14,E,T,-1.3581
14,E,V,-1.2948
14,E,W,-0.99022
14,E,Y,-1.0069
15,G,*,-0.96133
15,G,A,0.095725
15,G,C,-0.086213
15,G,D,-0.2846
15,G,E,-0.59369
15,G,F,0.037108
15,G,G,0
15,G,H,-0.040938
15,G,I,0.044038
15,G,K,-0.2871
15,G,L,0.16791
15,G,M,0.0087569
15,G,N,-0.10956
15,G,P,0.17186
15,G,Q,0.0043327
15,G,R,0.15379
15,G,S,-0.14275
15,G,T,0.069769
15,G,V,0.084239
15,G,W,-0.14386
15,G,Y,-0.15737
16,C,*,-0.83612
16,C,A,0.01976
16,C,D,-1.4194
16,C,E,-1.1227
16,C,F,-0.45404
16,C,G,-0.040934
16,C,H,-0.89782
16,C,I,-1.0473
16,C,K,-0.9365
16,C,L,-0.9341
16,C,M,-1.0804
16,C,N,-1.007
16,C,P,-1.2847
16,C,Q,-0.89597
16,C,R,-1.229
16,C,S,-0.10616
16,C,T,0.032744
16,C,V,-0.21019
16,C,W,-1.1274
16,C,Y,-0.71621
17,M,*,-0.98133
17,M,A,-0.27035
17,M,C,-0.18365
17,M,D,-0.89499
17,M,E,-0.94493
17,M,F,-0.7685
17,M,G,-1.5703
17,M,H,-0.88287
17,M,I,0.0012443
17,M,K,-1.0611
17,M,L,-0.20282
17,M,N,-1.1599
17,M,P,-1.4815
17,M,Q,-0.91149
17,M,R,-1.486
17,M,S,-0.643
17,M,T,0.13134
17,M,V,-0.10414
17,M,W,-1.013
17,M,Y,-1.3231
18,V,*,-1.0206
18,V,A,-0.14566
18,V,C,-0.016175
18,V,D,-0.5022
18,V,E,-1.3465
18,V,F,-0.51112
18,V,G,-0.50644
18,V,H,-0.5227
18,V,I,-0.18927
18,V,K,-0.66076
18,V,L,-0.087686
18,V,M,-0.39866
18,V,N,-0.47964
18,V,P,-1.1166
18,V,Q,-0.76012
18,V,R,-1.092
18,V,S,-0.083264
18,V,T,0.17911
18,V,V,0
18,V,W,-0.75193
18,V,Y,-1.0217
19,Q,*,-1.3119
19,Q,A,0.051112
19,Q,C,-0.20076
19,Q,D,-0.031618
19,Q,E,0.12695
19,Q,F,0.063245
19,Q,G,0.039428
19,Q,H,0.090292
19,Q,I,-0.15194
19,Q,K,-0.040675
19,Q,L,0.022257
19,Q,M,0.061758
19,Q,N,-0.038727
19,Q,P,-0.17228
19,Q,Q,0
19,Q,R,0.086139
19,Q,S,0.060465
19,Q,T,0.029884
19,Q,V,0.13967
19,Q,W,-0.016212
19,Q,Y,-0.11991
20,V,*,-1.0821
20,V,A,0.17566
20,V,C,0.077685
20,V,D,-0.69328
20,V,E,-0.97289
20,V,F,-0.86895
20,V,G,-1.208
20,V,H,-0.60186
20,V,I,0.028903
20,V,K,-0.74239
20,V,L,-0.20097
20,V,M,-0.1013
20,V,N,-0.58926
20,V,P,-0.59853
20,V,Q,-0.61148
20,V,R,-1.013
20,V,S,-0.38992
20,V,T,-0.028618
20,V,V,0
20,V,W,-0.80242
20,V,Y,-0.89658
21,T,*,-0.84678
21,T,A,0.058272
21,T,C,0.11186
21,T,D,0.1615
21,T,E,-0.05615
21,T,F,-0.029192
21,T,G,0.012591
21,T,H,0.15506
21,T,I,0.01255
21,T,K,0.13391
21,T,L,0.2022
21,T,M,-0.088917
21,T,N,0.076939
21,T,P,-1.07
21,T,Q,0.20454
21,T,R,0.091285
21,T,S,0.040265
21,T,T,0
21,T,V,-0.040487
21,T,W,0.13685
21,T,Y,0.06819
22,C,*,-0.67359
22,C,A,0.096292
22,C,D,0.096858
22,C,E,0.16678
22,C,F,0.048748
22,C,G,-0.29415
22,C,H,0.015487
22,C,I,0.038462
22,C,K,-0.073279
22,C,L,0.11753
22,C,M,0.047083
22,C,N,0.14613
22,C,P,-0.66667
22,C,Q,-0.025836
22,C,R,-0.49286
22,C,S,0.022101
22,C,T,0.084338
22,C,V,0.12706
22,C,W,-0.2857
22,C,Y,-0.10421
23,G,*,-0.73167
23,G,A,0.14624
23,G,C,-0.067243
23,G,D,-0.17489
23,G,E,-0.11348
23,G,F,-0.12357
23,G,G,0
23,G,H,0.088681
23,G,I,0.16459
23,G,K,0.10496
23,G,L,0.055715
23,G,M,-0.037145
23,G,N,-0.037355
23,G,P,-0.013872
23,G,Q,-0.061197
23,G,R,-0.2427
23,G,S,-0.050274
23,G,T,0.26101
23,G,V,0.096349
23,G,W,0.01099
23,G,Y,-0.19236
24,T,*,-0.89462
24,T,A,-0.016635
24,T,C,0.11804
24,T,D,-0.033689
24,T,E,-0.012482
24,T,F,-0.17033
24,T,G,-0.060561
24,T,H,0.11503
24,T,I,0.03948
24,T,K,-0.030898
24,T,L,0.10499
24,T,M,-0.017303
24,T,N,-0.063825
24,T,P,0.10153
24,T,Q,0.17559
24,T,R,0.068674
24,T,S,0.2095
24,T,T,0
24,T,V,0.11533
24,T,W,-0.042969
24,T,Y,0.0603
25,T,*,-1.2769
25,T,A,-0.063335
25,T,C,-0.045551
25,T,D,-0.90737
25,T,E,-1.0637
25,T,F,-0.14562
25,T,G,-0.086577
25,T,H,-1.2293
25,T,I,-0.44259
25,T,K,-1.0182
25,T,L,0.062409
25,T,M,0.03334
25,T,N,-0.38155
25,T,P,-0.87635
25,T,Q,-0.43797
25,T,R,-1.4511
25,T,S,-0.29398
25,T,T,0
25,T,V,-0.34349
25,T,W,-0.038828
25,T,Y,-0.29241
26,T,*,-0.7723
26,T,A,-0.088621
26,T,C,-0.011801
26,T,D,-0.42062
26,T,E,0.027026
26,T,F,-0.17491
26,T,G,0.11393
26,T,H,-0.020162
26,T,I,-0.29769
26,T,K,0.028309
26,T,L,0.21268
26,T,M,-0.0020489
26,T,N,0.052418
26,T,P,-0.98979
26,T,Q,0.14094
26,T,R,0.067585
26,T,S,0.027818
26,T,T,0
26,T,V,-0.086484
26,T,W,0.028427
26,T,Y,0.053756
27,L,*,-1.0524
27,L,A,-0.44478
27,L,C,-0.1931
27,L,D,-0.8758
27,L,E,0.066968
27,L,F,-1.1146
27,L,G,-1.2686
27,L,H,-0.68352
27,L,I,-0.59883
27,L,K,-1.2743
27,L,L,0
27,L,M,-0.2941
27,L,N,-0.38892
27,L,P,-1.1346
27,L,Q,-0.41008
27,L,R,-1.5439
27,L,S,-0.73262
27,L,T,-0.11268
27,L,V,-0.045317
27,L,W,-1.1383
27,L,Y,-1.1313
28,N,*,-1.3116
28,N,A,-1.4607
28,N,C,-0.59225
28,N,D,-1.4938
28,N,E,-1.5607
28,N,F,-1.2899
28,N,G,-1.1671
28,N,H,-0.87826
28,N,I,-1.0066
28,N,K,-1.3074
28,N,L,-1.6613
28,N,M,-0.77655
28,N,N,0
28,N,P,-1.2721
28,N,Q,-0.5837
28,N,R,-1.4924
28,N,S,-1.5192
28,N,T,-1.3651
28,N,V,-1.3188
28,N,W,-1.5809
28,N,Y,-1.2459
29,G,*,-1.2617
29,G,A,-0.24772
29,G,C,-1.011
29,G,D,-0.57618
29,G,E,-0.26213
29,G,F,-0.3252
29,G,G,0
29,G,H,-0.31218
29,G,I,-0.45478
29,G,K,-0.06157
29,G,L,-0.71232
29,G,M,-0.2513
29,G,N,-0.93311
29,G,P,-0.71123
29,G,Q,-0.28766
29,G,R,-0.92994
29,G,S,-0.89444
29,G,T,-0.52834
29,G,V,-0.8203
29,G,W,-0.41427
29,G,Y,-0.27318
30,L,*,-0.70605
30,L,A,0.17765
30,L,C,0.016859
30,L,D,-0.15947
30,L,E,-0.53738
30,L,F,0.084817
30,L,G,-0.94638
30,L,H,-0.23098
30,L,I,0.10292
30,L,K,-0.11705
30,L,L,0
30,L,M,-0.056677
30,L,N,-0.1019
30,L,P,-0.46022
30,L,Q,-0.36628
30,L,R,-0.87651
30,L,S,-0.22083
30,L,T,-0.02718
30,L,V,-0.0049924
30,L,W,-0.55873
30,L,Y,-0.15003
31,W,*,-0.77993
31,W,A,-1.0275
31,W,C,-0.87908
31,W,D,-0.64595
31,W,E,-0.72247
31,W,F,-0.38474
31,W,G,-0.86062
31,W,H,-0.69373
31,W,I,-0.60173
31,W,K,-0.33621
31,W,L,-0.83815
31,W,M,-0.67534
31,W,N,-0.55649
31,W,P,-0.67436
31,W,Q,-0.58741
31,W,R,-0.86642
31,W,S,-0.71712
31,W,T,-0.74054
31,W,V,-0.89767
31,W,Y,-0.58058
32,L,*,-0.99783
32,L,A,0.088478
32,L,C,0.16374
32,L,D,-0.31295
32,L,E,-0.16963
32,L,G,-0.90615
32,L,K,-0.10769
32,L,L,0
32,L,M,0.18407
32,L,N,-0.32832
32,L,P,-0.25486
32,L,R,-0.65084
32,L,S,-0.69515
32,L,T,0.15996
32,L,V,0.13798
32,L,W,-0.27144
32,L,Y,-0.37737
33,D,*,-0.82941
33,D,A,0.20121
33,D,C,-0.11407
33,D,E,0.15332
33,D,F,0.098117
33,D,G,0.043557
33,D,H,0.10024
33,D,I,0.0092214
33,D,K,0.23659
33,D,L,0.17216
33,D,M,0.088968
33,D,N,0.12858
33,D,P,-0.5659
33,D,Q,0.074881
33,D,R,0.0047248
33,D,S,0.22902
33,D,T,0.30283
33,D,V,0.0038849
33,D,W,0.1562
33,D,Y,0.20146
34,D,*,-0.91905
34,D,A,0.052859
34,D,C,0.12733
34,D,D,0
34,D,E,0.052371
34,D,F,0.19977
34,D,G,0.0078027
34,D,H,0.035138
34,D,I,0.12286
34,D,K,0.097075
34,D,L,0.20004
34,D,M,0.14729
34,D,N,0.16625
34,D,P,-0.33335
34,D,Q,0.085845
34,D,R,0.062938
34,D,S,0.23077
34,D,T,0.13603
34,D,V,0.10781
34,D,W,0.12314
34,D,Y,0.092259
35,V,*,-0.63029
35,V,A,0.097847
35,V,C,0.086302
35,V,D,0.17493
35,V,E,0.019194
35,V,F,-0.018111
35,V,G,-0.01506
35,V,H,-0.11611
35,V,I,0.12767
35,V,K,0.40666
35,V,L,0.34336
35,V,M,0.0040831
35,V,N,0.10258
35,V,P,-0.054022
35,V,Q,-0.0014559
35,V,R,0.23157
35,V,S,0.13301
35,V,T,0.066317
35,V,V,0
35,V,W,-0.012576
35,V,Y,0.15958
36,V,*,-0.79772
36,V,A,0.18993
36,V,C,0.11079
36,V,D,-0.29007
36,V,E,-0.33934
36,V,F,-0.3713
36,V,G,-0.58778
36,V,H,-0.3661
36,V,I,0.00047056
36,V,K,-0.66482
36,V,L,0.1184
36,V,M,-0.16898
36,V,N,-0.50959
36,V,P,-0.52999
36,V,Q,-0.25445
36,V,R,-0.47403
36,V,S,-1.1764
36,V,T,0.11502
36,V,V,0
36,V,W,-0.4988
36,V,Y,-0.4831
37,Y,*,-0.87706
37,Y,A,-0.12313
37,Y,C,-0.016525
37,Y,D,0.022494
37,Y,E,0.1391
37,Y,F,-0.080861
37,Y,G,-0.4202
37,Y,H,0.048324
37,Y,I,-0.05873
37,Y,K,-0.34071
37,Y,L,0.19026
37,Y,M,-0.092157
37,Y,N,-0.091001
37,Y,P,-0.78752
37,Y,Q,-0.12398
37,Y,R,-0.075324
37,Y,S,0.11422
37,Y,T,0.12607
37,Y,V,0.079239
37,Y,W,0.082884
37,Y,Y,0
38,C,*,-1.3045
38,C,A,0.1645
38,C,D,-0.58917
38,C,E,-0.73951
38,C,F,-0.19359
38,C,G,-0.52984
38,C,H,-0.34033
38,C,I,0.0018515
38,C,K,-0.50247
38,C,L,0.14824
38,C,M,0.20316
38,C,N,-0.32063
38,C,P,-0.47376
38,C,Q,-0.10285
38,C,R,-0.8846
38,C,S,-0.069344
38,C,T,0.092768
38,C,V,0.15553
38,C,W,-0.7841
38,C,Y,-0.65472
39,P,*,-0.93871
39,P,A,-1.109
39,P,C,-0.11457
39,P,D,-0.75594
39,P,E,-0.50695
39,P,F,-1.0553
39,P,G,-1.1966
39,P,H,-1.2467
39,P,I,-0.38569
39,P,K,-0.68588
39,P,L,-1.3352
39,P,M,-0.94382
39,P,N,-1.4179
39,P,P,0
39,P,Q,-0.74103
39,P,R,-1.2878
39,P,S,-1.3276
39,P,T,-0.93789
39,P,V,-1.2141
39,P,W,-0.61913
39,P,Y,-1.0981
40,R,*,-0.98867
40,R,A,-1.1671
40,R,C,-0.82369
40,R,D,-0.82663
40,R,E,-0.96363
40,R,F,-0.88519
40,R,G,-1.223
40,R,H,-0.78422
40,R,I,-1.1507
40,R,K,-1.0475
40,R,L,-1.3634
40,R,M,-1.1191
40,R,N,-0.788
40,R,P,-1.0035
40,R,Q,-0.79743
40,R,R,0
40,R,S,-1.4233
40,R,T,-1.1327
40,R,V,-1.1707
40,R,W,-1.436
40,R,Y,-0.95544
41,H,*,-1.0107
41,H,A,-1.1989
41,H,C,-0.95076
41,H,E,-0.65992
41,H,F,-0.8011
41,H,G,-1.1778
41,H,I,-0.65995
41,H,K,-0.49575
41,H,L,-0.83276
41,H,M,-0.84329
41,H,P,-0.47489
41,H,R,-1.4938
41,H,S,-1.1291
41,H,T,-1.4148
41,H,V,-1.1366
41,H,W,-0.84832
42,V,*,-1.6468
42,V,A,-0.62396
42,V,C,-0.33334
42,V,D,-1.444
42,V,E,-1.4653
42,V,F,-1.3587
42,V,G,-0.68894
42,V,H,-1.4435
42,V,I,-0.31345
42,V,K,-1.3766
42,V,L,-0.44117
42,V,M,-1.0733
42,V,N,-1.1957
42,V,P,-1.5618
42,V,Q,-1.3093
42,V,R,-1.6365
42,V,S,-0.52612
42,V,T,-0.67514
42,V,V,0
42,V,W,-1.4242
42,V,Y,-1.2714
43,I,*,-1.0184
43,I,A,-0.50676
43,I,C,-0.36657
43,I,D,-1.2955
43,I,E,-1.3364
43,I,F,-0.21743
43,I,G,-0.74059
43,I,H,-1.1364
43,I,I,0
43,I,K,-1.2483
43,I,L,-0.29075
43,I,M,-0.20158
43,I,N,-1.0451
43,I,P,-1.693
43,I,Q,-0.71908
43,I,R,-2.1692
43,I,S,-1.0411
43,I,T,-0.37343
43,I,V,-0.29595
43,I,W,-1.2786
43,I,Y,-0.57741
44,C,*,-0.94275
44,C,A,-0.22808
44,C,C,0
44,C,D,-0.84752
44,C,E,-0.85626
44,C,F,-0.91028
44,C,G,-0.32305
44,C,H,-1.0181
44,C,I,-0.10749
44,C,K,-1.2697
44,C,L,-0.49995
44,C,M,-0.29684
44,C,N,-0.53357
44,C,P,-1.1496
44,C,Q,-1.0937
44,C,R,-1.6542
44,C,S,-0.60114
44,C,T,-0.1788
44,C,V,-0.12755
44,C,W,-0.78846
44,C,Y,-0.93112
45,T,*,-1.564
45,T,A,0.035498
45,T,C,0.16003
45,T,D,-0.19476
45,T,E,0.039339
45,T,F,0.062602
45,T,G,-0.22332
45,T,H,-0.15239
45,T,I,-0.22877
45,T,K,0.00061289
45,T,L,0.17863
45,T,M,-0.74794
45,T,N,-0.29009
45,T,P,-0.40502
45,T,Q,0.15746
45,T,R,0.16559
45,T,S,0.57258
45,T,T,0
45,T,V,0.022305
45,T,W,-0.21301
45,T,Y,-0.081888
46,S,*,-1.4048
46,S,A,0.024662
46,S,C,-0.59092
46,S,D,-0.28388
46,S,E,-0.048542
46,S,F,-0.21078
46,S,G,0.015936
46,S,H,0.058049
46,S,I,0.012883
46,S,K,-0.033997
46,S,L,0.045029
46,S,M,0.042265
46,S,N,0.14718
46,S,P,-0.11631
46,S,Q,0.11968
46,S,R,-0.16532
46,S,S,0
46,S,T,-0.11013
46,S,V,-0.24262
46,S,W,-0.15369
46,S,Y,-0.16767
47,E,*,-0.85524
47,E,A,-0.016309
47,E,C,-0.20645
47,E,D,0.17632
47,E,E,0
47,E,F,-0.1879
47,E,G,-0.18652
47,E,H,-0.10677
47,E,I,-0.21458
47,E,K,-0.0031029
47,E,L,-0.21884
47,E,M,-0.065397
47,E,N,0.22271
47,E,P,-0.048053
47,E,Q,-0.11155
47,E,R,-0.036918
47,E,S,0.036112
47,E,T,0.1497
47,E,V,-0.11216
47,E,W,-0.15499
47,E,Y,-0.19931
48,D,*,-0.50811
48,D,A,0.43139
48,D,C,0.088568
48,D,F,0.017482
48,D,G,-0.419
48,D,H,0.035838
48,D,I,-0.26119
48,D,K,-0.5849
48,D,L,-0.07051
48,D,M,-0.23871
48,D,N,-0.1134
48,D,P,-0.31684
48,D,Q,0.015441
48,D,R,-0.80611
48,D,S,0.17855
48,D,T,0.21582
48,D,V,-0.17737
48,D,W,-0.29183
48,D,Y,-0.28581
49,M,*,-0.68307
49,M,A,-0.0057719
49,M,C,-0.051873
49,M,D,-0.33952
49,M,E,-0.19782
49,M,F,-0.025683
49,M,G,-0.85871
49,M,H,0.093881
49,M,I,0.089461
49,M,K,0.060483
49,M,L,0.28921
49,M,N,-0.45462
49,M,P,-0.35786
49,M,Q,0.085331
49,M,R,-0.12846
49,M,S,-0.40953
49,M,T,0.023483
49,M,V,0.061717
49,M,W,-0.43178
49,M,Y,-0.2987
50,L,*,-1.0089
50,L,A,-0.20099
50,L,C,-0.15328
50,L,D,0.22534
50,L,E,-0.01923
50,L,G,-0.20035
50,L,K,0.0019218
50,L,L,0
50,L,M,0.17543
50,L,N,-0.12584
50,L,P,0.020555
50,L,Q,0.37461
50,L,R,-0.16362
50,L,S,0.27317
50,L,T,0.18562
50,L,V,-0.10375
50,L,W,0.40843
50,L,Y,0.21958
51,N,*,-0.99104
51,N,A,0.39726
51,N,C,-0.086931
51,N,D,-0.074469
51,N,E,-0.028764
51,N,F,0.31689
51,N,G,-0.088707
51,N,H,-0.10687
51,N,I,0.020771
51,N,K,-0.22558
51,N,L,-0.062796
51,N,M,0.06748
51,N,N,0
51,N,P,-1.2275
51,N,Q,0.019532
51,N,R,-0.1482
51,N,S,0.091147
51,N,T,0.049966
51,N,V,0.12654
51,N,W,0.20962
51,N,Y,0.080394
52,P,*,-1.2481
52,P,A,-0.11013
52,P,C,-0.34267
52,P,D,-0.16083
52,P,E,0.27754
52,P,F,-0.57686
52,P,G,-0.24035
52,P,H,-0.16853
52,P,I,-0.15629
52,P,K,-0.012463
52,P,L,-0.19256
52,P,M,-0.11483
52,P,N,-0.46268
52,P,P,0
52,P,Q,-0.11109
52,P,R,-0.60969
52,P,S,-0.39585
52,P,T,-0.065092
52,P,V,-0.44087
52,P,W,-0.052695
52,P,Y,-0.36915
53,N,*,-0.89901
53,N,A,0.093137
53,N,C,0.010638
53,N,D,-0.13652
53,N,E,-0.084313
53,N,F,-0.086698
53,N,G,-0.050472
53,N,H,0.79222
53,N,I,-0.019369
53,N,K,0.087915
53,N,L,0.061189
53,N,M,-0.16999
53,N,P,-0.14541
53,N,Q,0.040511
53,N,R,0.3392
53,N,S,-0.1522
53,N,T,0.19507
53,N,V,0.02822
53,N,W,0.011525
53,N,Y,-0.19015
54,Y,*,-0.97097
54,Y,A,-1.748
54,Y,C,-1.2365
54,Y,D,-1.3144
54,Y,E,-1.1088
54,Y,F,-0.37234
54,Y,G,-1.8056
54,Y,H,-0.45872
54,Y,I,-1.0712
54,Y,K,-1.3779
54,Y,L,-1.7803
54,Y,M,-0.87207
54,Y,N,-0.84781
54,Y,P,-1.6316
54,Y,Q,-1.3764
54,Y,R,-2.3532
54,Y,S,-1.7618
54,Y,T,-2.211
54,Y,V,-1.3408
54,Y,W,-0.4596
55,E,*,-0.92201
55,E,A,-0.15701
55,E,C,-0.21569
55,E,E,0
55,E,F,0.17771
55,E,G,-0.22897
55,E,H,0.40956
55,E,I,-0.75155
55,E,K,-0.08726
55,E,L,-0.14384
55,E,M,0.48393
55,E,N,-0.018205
55,E,P,0.029993
55,E,Q,0.21098
55,E,R,-0.15124
55,E,S,0.086395
55,E,T,-0.014158
55,E,V,0.21607
55,E,W,0.083456
55,E,Y,0.411
56,D,*,-1.0678
56,D,A,0.11853
56,D,C,0.010874
56,D,D,0
56,D,E,-0.080242
56,D,F,0.36126
56,D,G,-0.27455
56,D,H,0.48017
56,D,I,0.21266
56,D,K,0.34713
56,D,L,0.24066
56,D,M,0.062161
56,D,N,-0.020541
56,D,P,-0.2893
56,D,Q,-0.10453
56,D,R,-0.097638
56,D,S,0.10795
56,D,T,-0.040922
56,D,V,-0.11646
56,D,W,-0.12873
56,D,Y,0.16584
57,L,*,-0.9158
57,L,A,-0.3492
57,L,C,-0.19189
57,L,D,-0.25449
57,L,E,-0.19049
57,L,F,-0.40113
57,L,G,-0.44076
57,L,H,-0.43984
57,L,I,-0.088589
57,L,K,-0.31166
57,L,L,0
57,L,M,0.13255
57,L,N,-0.20772
57,L,P,-1.5027
57,L,Q,0.038799
57,L,R,-0.84843
57,L,S,-0.35194
57,L,T,-0.32067
57,L,V,-0.37706
57,L,W,-0.47187
57,L,Y,-0.42803
58,L,*,-0.97218
58,L,A,-0.089997
58,L,C,-0.42935
58,L,D,-0.23731
58,L,E,-0.21965
58,L,F,-0.11064
58,L,G,-0.42638
58,L,H,-0.042258
58,L,I,0.077358
58,L,K,-0.42518
58,L,L,0
58,L,M,-0.051279
58,L,N,-0.2306
58,L,P,-0.93895
58,L,Q,-0.09244
58,L,R,-0.070818
58,L,S,-0.28075
58,L,T,-0.093967
58,L,V,-0.081194
58,L,W,-0.025296
58,L,Y,-0.30225
59,I,*,-0.91753
59,I,A,-0.052367
59,I,C,0.048375
59,I,D,0.07134
59,I,E,0.043423
59,I,F,-0.056989
59,I,G,0.14104
59,I,H,0.065592
59,I,K,0.12453
59,I,L,0.074648
59,I,M,0.05708
59,I,N,-0.031027
59,I,P,0.011384
59,I,Q,0.05981
59,I,R,0.014946
59,I,S,0.040028
59,I,T,0.14598
59,I,V,0.12256
59,I,W,0.0030495
59,I,Y,0.11616
60,R,*,-0.98089
60,R,A,0.17486
60,R,C,0.027476
60,R,D,0.091866
60,R,E,0.032891
60,R,F,0.048265
60,R,G,0.11641
60,R,H,0.0011826
60,R,I,0.10258
60,R,K,0.027958
60,R,L,0.081721
60,R,M,0.045369
60,R,N,0.014359
60,R,P,0.09296
60,R,Q,-0.046723
60,R,R,0
60,R,S,0.098706
60,R,T,0.1794
60,R,V,0.11288
60,R,W,-0.044677
60,R,Y,-0.0032407
61,K,*,-0.84935
61,K,A,0.081493
61,K,C,-0.054947
61,K,D,-0.21035
61,K,E,-0.11959
61,K,F,0.019082
61,K,G,-0.027594
61,K,H,0.019972
61,K,I,-0.039963
61,K,K,0
61,K,L,0.14701
61,K,M,-0.015032
61,K,N,0.016641
61,K,P,-0.051564
61,K,Q,0.0010113
61,K,R,0.11058
61,K,S,0.077826
61,K,T,0.067881
61,K,V,0.11416
61,K,W,-0.015618
61,K,Y,-0.099305
62,S,*,-0.82842
62,S,A,0.062487
62,S,C,0.087677
62,S,D,0.15416
62,S,E,0.27421
62,S,F,0.039676
62,S,G,0.15705
62,S,H,-0.027287
62,S,I,-0.088594
62,S,K,0.11319
62,S,L,-0.072142
62,S,M,-0.01356
62,S,N,-0.085273
62,S,P,0.051784
62,S,Q,0.055776
62,S,R,-0.051156
62,S,S,0
62,S,T,0.033019
62,S,V,0.050502
62,S,W,0.062679
62,S,Y,0.04984
63,N,*,-1.3667
63,N,A,0.15534
63,N,C,0.12118
63,N,D,0.072691
63,N,E,0.13215
63,N,F,-0.0016496
63,N,G,0.16747
63,N,H,0.002917
63,N,I,-0.077033
63,N,K,-0.03783
63,N,L,-0.048658
63,N,M,-0.0051932
63,N,P,0.035702
63,N,Q,0.14188
63,N,R,0.1316
63,N,S,0.13101
63,N,T,0.060459
63,N,V,0.059233
63,N,W,0.049953
63,N,Y,0.057457
64,H,*,-0.90896
64,H,A,0.19642
64,H,C,-0.23606
64,H,D,0.028014
64,H,E,0.11261
64,H,F,0.033236
64,H,G,0.18094
64,H,I,0.12125
64,H,K,0.0096534
64,H,L,-0.069815
64,H,M,0.11574
64,H,N,0.090287
64,H,P,0.093017
64,H,Q,0.08778
64,H,R,0.0059222
64,H,S,0.019278
64,H,T,-0.036304
64,H,V,0.12316
64,H,W,0.066759
64,H,Y,0.041263
65,N,*,-1.4764
65,N,A,0.1719
65,N,C,0.16275
65,N,D,0.04539
65,N,E,0.15852
65,N,F,0.10172
65,N,G,0.12567
65,N,H,0.10323
65,N,I,0.037721
65,N,K,0.054652
65,N,L,-0.0052688
65,N,M,0.0043679
65,N,P,0.023754
65,N,Q,0.01908
65,N,R,0.08443
65,N,S,0.13322
65,N,T,0.035235
65,N,V,0.13319
65,N,W,0.034305
65,N,Y,0.044231
66,F,*,-0.77798
66,F,A,-1.1696
66,F,C,-0.1123
66,F,D,-1.0121
66,F,E,-1.3373
66,F,F,0
66,F,G,-1.3002
66,F,H,-0.76725
66,F,I,-0.077147
66,F,K,-1.434
66,F,L,0.080206
66,F,M,0.16455
66,F,N,-1.3013
66,F,P,-0.63419
66,F,Q,-1.3035
66,F,R,-1.5719
66,F,S,-1.6505
66,F,T,-0.30778
66,F,V,-0.079027
66,F,W,0.066745
66,F,Y,-0.0029357
67,L,*,-1.0803
67,L,A,0.067444
67,L,C,0.065568
67,L,D,0.0066188
67,L,E,-0.057015
67,L,F,0.18835
67,L,G,0.10966
67,L,H,0.059782
67,L,I,0.054886
67,L,K,-0.017827
67,L,L,0
67,L,M,0.13568
67,L,N,0.12365
67,L,P,-0.5309
67,L,Q,0.17352
67,L,R,0.15255
67,L,S,0.11042
67,L,T,0.09151
67,L,V,0.081608
67,L,W,0.2079
67,L,Y,0.14417
68,V,*,-0.83812
68,V,A,0.16375
68,V,C,-0.001086
68,V,D,-1.0764
68,V,E,-1.0342
68,V,F,-1.2111
68,V,G,-1.4789
68,V,H,-0.67524
68,V,I,0.024329
68,V,K,-0.71118
68,V,L,0.079746
68,V,M,0.11373
68,V,N,-1.0103
68,V,P,0.054297
68,V,Q,-0.56181
68,V,R,-1.4061
68,V,S,-0.57326
68,V,T,0.049519
68,V,V,0
68,V,W,-0.73798
68,V,Y,-0.63418
69,Q,*,-0.97259
69,Q,A,0.060732
69,Q,C,0.13907
69,Q,D,-0.029491
69,Q,E,0.072845
69,Q,F,-0.062893
69,Q,G,-0.0025009
69,Q,H,0.045013
69,Q,I,-0.12353
69,Q,K,0.18137
69,Q,L,0.089576
69,Q,M,-0.030373
69,Q,N,-0.056374
69,Q,P,-0.43329
69,Q,R,0.18092
69,Q,S,-0.025861
69,Q,T,-0.070244
69,Q,V,0.11416
69,Q,W,0.022448
69,Q,Y,-0.064919
70,A,*,-1.0305
70,A,A,0
70,A,C,-0.019164
70,A,D,0.013234
70,A,E,-0.063846
70,A,F,0.0119
70,A,G,-0.062897
70,A,H,0.026864
70,A,I,-0.058298
70,A,K,-0.056869
70,A,L,-0.033108
70,A,M,-0.00042129
70,A,N,-0.065742
70,A,P,0.033825
70,A,Q,-0.0086534
70,A,R,-0.062648
70,A,S,0.069554
70,A,T,-0.0044564
70,A,V,-0.018052
70,A,W,-0.13048
70,A,Y,-0.053661
71,G,*,-1.3837
71,G,A,0.01953
71,G,C,0.10049
71,G,D,0.064717
71,G,E,-0.20631
71,G,F,-0.085023
71,G,G,0
71,G,H,-0.075886
71,G,I,-0.014686
71,G,K,-0.01708
71,G,L,-0.12016
71,G,M,0.018413
71,G,N,0.090787
71,G,P,-0.11219
71,G,Q,-0.014506
71,G,R,-0.062268
71,G,S,-0.066667
71,G,T,-0.10882
71,G,V,0.025644
71,G,W,-0.12063
71,G,Y,-0.024327
72,N,*,-0.67057
72,N,A,-0.25859
72,N,C,-0.052152
72,N,D,0.089067
72,N,F,-0.38519
72,N,G,0.018745
72,N,H,-0.20409
72,N,K,-0.19675
72,N,L,-0.14052
72,N,M,-0.028966
72,N,P,-0.29714
72,N,Q,-0.17742
72,N,R,-0.070317
72,N,S,-0.34225
72,N,T,-0.21842
72,N,V,-0.035742
72,N,W,0.010353
72,N,Y,-0.054341
73,V,*,-0.96735
73,V,A,0.056453
73,V,C,0.075027
73,V,D,0.088394
73,V,E,0.24438
73,V,G,-0.019256
73,V,H,-0.045963
73,V,I,0.058528
73,V,K,0.054182
73,V,L,-0.022973
73,V,M,0.057035
73,V,N,0.037916
73,V,P,-0.21622
73,V,Q,-0.14653
73,V,R,-0.065705
73,V,S,0.031979
73,V,T,-0.016265
73,V,V,0
73,V,W,0.4197
73,V,Y,-0.20201
74,Q,*,-1.0049
74,Q,A,-0.082078
74,Q,C,-0.073047
74,Q,D,0.082931
74,Q,E,0.016685
74,Q,F,0.083062
74,Q,G,0.060874
74,Q,H,-0.11619
74,Q,I,-0.084958
74,Q,K,0.0064008
74,Q,L,-0.092916
74,Q,M,0.081063
74,Q,N,-0.21287
74,Q,P,-0.14744
74,Q,Q,0
74,Q,R,0.061508
74,Q,S,-0.025573
74,Q,T,-0.068501
74,Q,V,0.067262
74,Q,W,0.80163
74,Q,Y,-0.067792
75,L,*,-0.43852
75,L,A,-0.054427
75,L,C,-0.23771
75,L,D,-0.3817
75,L,E,-0.085164
75,L,G,-0.516
75,L,H,0.030719
75,L,I,0.2785
75,L,K,-0.057137
75,L,L,0
75,L,M,-0.0097692
75,L,N,-0.081195
75,L,P,-0.044302
75,L,Q,0.020265
75,L,R,-0.15752
75,L,S,-0.047861
75,L,T,-0.080421
75,L,V,-0.03316
75,L,W,-0.059648
75,L,Y,0.049862
76,R,*,-0.89494
76,R,A,0.07297
76,R,C,0.0087314
76,R,D,0.14197
76,R,E,0.1787
76,R,F,0.039357
76,R,G,-0.037945
76,R,H,0.25351
76,R,I,0.014278
76,R,K,-0.013376
76,R,L,0.051132
76,R,M,0.11498
76,R,N,0.028129
76,R,P,-0.053022
76,R,Q,0.058617
76,R,R,0
76,R,S,0.19334
76,R,T,0.068765
76,R,V,0.10781
76,R,W,0.059252
76,R,Y,0.10629
77,V,*,-1.1804
77,V,A,0.037922
77,V,C,-0.029036
77,V,E,-0.21611
77,V,G,-0.14012
77,V,H,-0.37306
77,V,K,-0.37299
77,V,L,0.052681
77,V,M,0.079147
77,V,N,-0.4444
77,V,P,-0.21796
77,V,Q,-0.24095
77,V,R,-0.79086
77,V,S,0.015139
77,V,T,-0.045064
77,V,W,-0.28019
77,V,Y,-0.14472
78,I,*,-0.8171
78,I,A,0.060176
78,I,C,-0.080987
78,I,D,0.22839
78,I,E,0.4369
78,I,F,0.12197
78,I,G,0.12893
78,I,H,-0.044366
78,I,K,0.0070608
78,I,L,0.07074
78,I,M,0.11101
78,I,N,0.078515
78,I,P,-0.81384
78,I,Q,-0.045838
78,I,R,-0.043034
78,I,S,0.2464
78,I,T,-0.01364
78,I,V,0.065381
78,I,Y,-0.14696
79,G,*,-0.90737
79,G,A,0.027644
79,G,C,-0.1563
79,G,D,-0.012063
79,G,E,0.25946
79,G,F,0.047167
79,G,G,0
79,G,H,-0.10448
79,G,I,-0.0080261
79,G,K,0.29038
79,G,L,0.10759
79,G,M,-0.022348
79,G,N,0.074537
79,G,P,-1.1083
79,G,Q,0.12101
79,G,R,0.11472
79,G,S,0.13183
79,G,T,-0.108
79,G,V,0.11302
79,G,W,0.015122
79,G,Y,-0.095646
80,H,*,-0.9485
80,H,A,0.21903
80,H,C,0.44779
80,H,D,-0.0023205
80,H,E,-0.00081485
80,H,F,0.18642
80,H,G,0.29829
80,H,I,0.10208
80,H,K,0.077804
80,H,L,0.024096
80,H,M,0.022162
80,H,N,0.007996
80,H,P,-0.01133
80,H,Q,-0.13844
80,H,R,0.11002
80,H,S,0.017362
80,H,T,0.024621
80,H,V,0.13902
80,H,W,0.019201
80,H,Y,0.044266
81,S,*,-1.2556
81,S,A,-0.1115
81,S,D,-0.062681
81,S,E,-0.56702
81,S,G,-0.099339
81,S,H,-0.11036
81,S,I,-0.20929
81,S,K,-0.022021
81,S,L,-0.071313
81,S,M,-0.16643
81,S,N,-0.28756
81,S,P,-0.32312
81,S,Q,-0.11626
81,S,R,0.039518
81,S,S,0
81,S,T,-0.26047
81,S,V,-0.032277
81,S,W,-0.1108
82,M,*,-1.1766
82,M,A,-0.64668
82,M,C,-0.39699
82,M,D,-0.52217
82,M,E,-0.45468
82,M,F,-0.41879
82,M,G,-0.45187
82,M,H,-0.54296
82,M,I,-0.40416
82,M,K,-0.38898
82,M,L,-0.5785
82,M,N,-0.52369
82,M,P,-0.55662
82,M,Q,-0.43188
82,M,R,-0.72835
82,M,S,-0.56437
82,M,T,-0.61588
82,M,V,-0.4983
82,M,W,-0.46463
82,M,Y,-0.60018
83,Q,*,-1.3649
83,Q,A,-0.25408
83,Q,C,-0.31569
83,Q,D,-0.23701
83,Q,E,-0.2717
83,Q,F,-0.22797
83,Q,G,-0.34293
83,Q,I,-0.42185
83,Q,K,-0.30114
83,Q,L,-0.35769
83,Q,M,-0.31584
83,Q,N,-0.26265
83,Q,P,-0.426
83,Q,R,-0.36556
83,Q,S,-0.35912
83,Q,T,-0.50206
83,Q,V,-0.21571
83,Q,W,-0.28032
83,Q,Y,-0.50596
84,N,*,-1.1923
84,N,A,-0.60136
84,N,C,-0.49642
84,N,D,-0.40484
84,N,E,-0.5209
84,N,F,-0.64512
84,N,G,-0.49123
84,N,H,-0.61662
84,N,I,-0.23779
84,N,K,-0.37787
84,N,L,-0.72285
84,N,M,-0.6354
84,N,P,-1.2449
84,N,Q,-0.45831
84,N,R,-0.60518
84,N,S,-0.729
84,N,T,-0.63868
84,N,V,-0.68342
84,N,W,-0.55991
84,N,Y,-0.75544
85,C,*,-0.7973
85,C,A,-0.39718
85,C,D,-0.61443
85,C,E,-0.93459
85,C,F,-0.6093
85,C,G,-0.29493
85,C,H,-0.60605
85,C,I,-0.72301
85,C,K,-0.49093
85,C,L,-0.93001
85,C,M,-0.33031
85,C,N,-0.48792
85,C,P,-0.69669
85,C,Q,-0.83645
85,C,R,-0.70894
85,C,S,-0.57962
85,C,T,-0.69776
85,C,V,-0.57761
85,C,W,-1.0616
85,C,Y,-0.4806
86,V,*,-1.2383
86,V,A,-0.018023
86,V,C,0.29787
86,V,D,0.20146
86,V,E,0.21552
86,V,F,0.42934
86,V,G,0.16118
86,V,H,-0.0048964
86,V,I,0.27309
86,V,K,0.21873
86,V,L,0.12688
86,V,M,0.14801
86,V,N,-0.053041
86,V,P,-1.0675
86,V,Q,-0.092971
86,V,R,0.29674
86,V,S,0.22546
86,V,T,0.11483
86,V,V,0
86,V,W,-0.50431
86,V,Y,0.065482
87,L,*,-1.2955
87,L,A,-0.3873
87,L,C,-0.12305
87,L,D,-0.79752
87,L,E,-0.62659
87,L,F,0.0029393
87,L,G,-1.2914
87,L,H,-1.1501
87,L,I,0.42162
87,L,K,-1.6899
87,L,L,0
87,L,M,0.058826
87,L,N,-0.55816
87,L,P,-1.0242
87,L,Q,-0.46045
87,L,R,-1.4503
87,L,S,-0.34007
87,L,T,0.14608
87,L,V,0.16068
87,L,W,-0.5847
87,L,Y,-0.25655
88,K,*,-0.87082
88,K,A,0.11569
88,K,C,0.18632
88,K,D,0.17899
88,K,E,0.015818
88,K,F,0.13986
88,K,G,0.40795
88,K,H,0.04619
88,K,I,0.20671
88,K,L,0.0030271
88,K,M,0.075133
88,K,N,-0.045714
88,K,P,-0.30144
88,K,Q,-0.074691
88,K,R,0.026735
88,K,S,0.19658
88,K,T,0.031031
88,K,V,0.33318
88,K,W,-0.018438
88,K,Y,0.57203
89,L,*,-1.3207
89,L,A,-0.1705
89,L,C,-0.0073887
89,L,D,-0.58027
89,L,E,-0.39336
89,L,G,-0.87723
89,L,H,-0.78264
89,L,I,0.13967
89,L,K,-0.6659
89,L,L,0
89,L,M,0.1049
89,L,N,-1.1161
89,L,P,-1.3845
89,L,Q,-1.0732
89,L,R,-1.4517
89,L,S,-1.3841
89,L,T,-0.9357
89,L,V,0.16235
89,L,W,-0.51006
89,L,Y,-0.71326
90,K,*,-0.71249
90,K,A,0.29529
90,K,C,0.27114
90,K,D,0.33574
90,K,F,0.36347
90,K,G,0.085551
90,K,H,0.18325
90,K,I,0.095872
90,K,L,0.29761
90,K,M,0.46427
90,K,N,0.22909
90,K,P,0.17787
90,K,Q,0.28976
90,K,R,0.67201
90,K,S,0.28795
90,K,T,0.34953
90,K,V,0.51912
90,K,W,0.24686
90,K,Y,-0.0078319
91,V,*,-1.027
91,V,A,0.16235
91,V,C,0.17774
91,V,D,-0.67777
91,V,E,-0.7501
91,V,F,-1.3092
91,V,G,-0.28705
91,V,H,-0.77299
91,V,I,0.088657
91,V,K,-0.94698
91,V,L,0.02304
91,V,M,0.07298
91,V,N,-1.3586
91,V,P,-1.1209
91,V,Q,-1.6181
91,V,R,-0.96403
91,V,S,0.19136
91,V,T,0.33229
91,V,V,0
91,V,W,-0.49841
91,V,Y,-0.69295
92,D,*,-0.85079
92,D,A,0.17348
92,D,C,0.27458
92,D,E,-0.013517
92,D,F,0.15127
92,D,G,0.27754
92,D,H,0.14837
92,D,I,0.21427
92,D,K,0.21525
92,D,L,0.2895
92,D,M,0.098884
92,D,N,0.147
92,D,P,0.29856
92,D,Q,0.45844
92,D,R,0.36827
92,D,S,0.48322
92,D,T,0.4581
92,D,V,0.11643
92,D,W,0.89121
92,D,Y,0.021009
93,T,*,-0.4548
93,T,A,0.27503
93,T,D,0.23044
93,T,G,0.31861
93,T,H,0.22791
93,T,I,0.15531
93,T,K,0.4296
93,T,L,0.34614
93,T,N,0.46333
93,T,P,0.17297
93,T,Q,0.22246
93,T,R,0.23655
93,T,S,0.25118
93,T,T,0
93,T,V,0.14715
93,T,W,-0.16194
93,T,Y,0.22569
94,A,*,-1.03
94,A,A,0
94,A,C,-0.059351
94,A,D,0.0028672
94,A,E,0.24966
94,A,F,0.12338
94,A,G,0.15413
94,A,H,-0.045286
94,A,I,-0.095121
94,A,K,0.1621
94,A,L,0.044391
94,A,M,0.061404
94,A,N,0.3251
94,A,P,-0.050143
94,A,Q,0.34766
94,A,R,0.14565
94,A,S,0.005531
94,A,T,-0.047834
94,A,V,0.23552
94,A,W,0.37359
94,A,Y,0.21139
95,N,*,-1.1788
95,N,A,-0.35999
95,N,C,0.16933
95,N,D,-0.41536
95,N,E,-0.32528
95,N,F,-0.6586
95,N,G,-0.32671
95,N,H,-0.41235
95,N,I,-1.5453
95,N,K,-0.16564
95,N,L,-0.92686
95,N,M,-0.51014
95,N,P,-1.3901
95,N,Q,-0.044377
95,N,R,-0.65716
95,N,S,-0.094364
95,N,T,-0.94103
95,N,V,-0.91232
95,N,W,-0.51938
95,N,Y,-0.61163
96,P,*,-0.90042
96,P,A,0.014315
96,P,C,0.04641
96,P,D,0.085254
96,P,F,-0.15846
96,P,G,0.17464
96,P,H,0.038375
96,P,I,-0.051071
96,P,K,-0.18534
96,P,L,0.1382
96,P,M,-0.18397
96,P,N,-0.0642
96,P,P,0
96,P,Q,-0.20318
96,P,R,-0.091761
96,P,S,-0.20678
96,P,T,-0.11613
96,P,V,0.1795
96,P,W,0.041666
96,P,Y,-0.13027
97,K,*,-1.0151
97,K,A,-0.076698
97,K,C,-0.02156
97,K,D,0.15398
97,K,E,-1.2416
97,K,F,0.10443
97,K,G,0.20963
97,K,H,0.047072
97,K,I,-0.12791
97,K,L,0.041389
97,K,M,-0.24471
97,K,N,-0.094412
97,K,P,-0.66988
97,K,Q,-0.0055096
97,K,R,-0.18342
97,K,S,0.091535
97,K,T,-0.11707
97,K,V,0.1415
97,K,W,0.060747
97,K,Y,0.055719
98,T,*,-0.91232
98,T,A,-0.21094
98,T,C,-0.24936
98,T,D,0.044855
98,T,E,-0.019813
98,T,F,-0.86103
98,T,G,-0.08087
98,T,H,-0.46048
98,T,I,-1.1255
98,T,K,-0.054416
98,T,L,-0.99311
98,T,M,-0.22248
98,T,N,-0.40163
98,T,P,-0.89304
98,T,R,-0.25257
98,T,S,-0.32173
98,T,T,0
98,T,V,0.1388
98,T,W,-0.82554
98,T,Y,-0.11085
99,P,*,-1.193
99,P,A,0.086016
99,P,C,-0.0070298
99,P,D,-0.31775
99,P,E,-0.075429
99,P,F,-0.43469
99,P,G,-0.10947
99,P,H,-0.1925
99,P,I,0.4729
99,P,K,-0.57862
99,P,L,-0.62502
99,P,M,-0.045979
99,P,N,-0.03617
99,P,P,0
99,P,Q,-0.42764
99,P,R,-0.63028
99,P,S,-0.044702
99,P,T,0.028008
99,P,V,-0.23567
99,P,W,-0.32375
99,P,Y,-0.14999
100,K,*,-0.57636
100,K,A,0.078834
100,K,C,0.035244
100,K,D,-0.22863
100,K,E,0.038393
100,K,F,-0.039886
100,K,G,-0.037833
100,K,H,-0.001116
100,K,I,-0.042008
100,K,L,-0.0082158
100,K,M,0.0097547
100,K,N,0.35271
100,K,P,-0.019668
100,K,Q,-0.80572
100,K,R,-0.044333
100,K,S,-0.3486
100,K,T,-0.041713
100,K,V,-0.11858
100,K,W,-0.14933
100,K,Y,0.02356
101,Y,*,-0.56569
101,Y,A,0.15235
101,Y,C,0.072743
101,Y,D,-0.9998
101,Y,E,-1.0124
101,Y,F,0.016548
101,Y,G,-0.32124
101,Y,H,0.076241
101,Y,I,-0.56415
101,Y,K,-0.0019758
101,Y,L,-0.079565
101,Y,M,0.086472
101,Y,P,-0.91103
101,Y,Q,-0.11997
101,Y,R,0.04468
101,Y,S,0.089961
101,Y,T,0.0051315
101,Y,V,0.023077
101,Y,W,-0.042552
102,K,*,-1.0394
102,K,A,-0.070829
102,K,C,0.016739
102,K,D,0.37912
102,K,E,0.11811
102,K,F,-0.074877
102,K,G,0.084842
102,K,H,0.10045
102,K,I,-0.001214
102,K,L,0.22654
102,K,N,0.12977
102,K,P,-0.56841
102,K,R,-0.15617
102,K,S,0.13443
102,K,T,0.014171
102,K,V,0.044485
102,K,W,-0.196
102,K,Y,0.17841
103,F,*,-0.86334
103,F,A,0.074261
103,F,C,0.070518
103,F,D,-1.3033
103,F,E,-0.08057
103,F,G,-0.16789
103,F,H,-0.081364
103,F,K,-0.18123
103,F,L,0.17196
103,F,M,-0.057407
103,F,N,0.10148
103,F,P,0.12415
103,F,Q,0.33917
103,F,R,0.03508
103,F,S,0.29446
103,F,T,0.13769
103,F,V,0.12294
103,F,W,0.069668
103,F,Y,-0.012488
104,V,*,-1.7264
104,V,A,-0.015376
104,V,C,-0.076885
104,V,D,-0.070031
104,V,E,0.013402
104,V,F,-0.17408
104,V,G,-0.10664
104,V,H,-0.20992
104,V,I,0.13335
104,V,K,0.089013
104,V,L,0.14057
104,V,M,-0.033325
104,V,N,-0.036522
104,V,P,0.025971
104,V,Q,-0.13439
104,V,R,-0.0096021
104,V,S,0.07933
104,V,T,0.030408
104,V,V,0
104,V,W,-0.13308
104,V,Y,-0.1991
105,R,*,-0.89385
105,R,A,0.022293
105,R,C,0.086712
105,R,D,-0.26498
105,R,E,0.017837
105,R,F,-0.21627
105,R,G,-0.43289
105,R,H,0.35996
105,R,I,0.0076124
105,R,K,0.099184
105,R,L,-0.35069
105,R,M,0.084752
105,R,N,0.046933
105,R,P,-0.12446
105,R,Q,0.16459
105,R,R,0
105,R,S,-0.047164
105,R,T,0.74019
105,R,V,-0.15389
105,R,W,-0.42696
105,R,Y,-0.070713
106,I,*,-0.43446
106,I,A,-0.00051828
106,I,C,-0.047761
106,I,D,-0.7482
106,I,E,-0.1301
106,I,F,0.016446
106,I,G,-0.1664
106,I,H,0.10074
106,I,I,0
106,I,K,-0.72425
106,I,L,-0.07318
106,I,M,0.27127
106,I,P,-0.72523
106,I,Q,-0.12918
106,I,R,-0.30231
106,I,S,0.023773
106,I,T,0.08886
106,I,V,0.043587
106,I,W,-0.4986
106,I,Y,-0.32265
107,Q,*,-0.75778
107,Q,A,-0.0012281
107,Q,C,-0.068622
107,Q,D,0.005054
107,Q,E,-0.034715
107,Q,F,0.095108
107,Q,G,-0.10896
107,Q,I,-0.1672
107,Q,K,-0.044223
107,Q,L,0.035517
107,Q,M,-0.14463
107,Q,N,-0.11022
107,Q,P,-0.0016903
107,Q,Q,0
107,Q,R,0.021718
107,Q,S,-0.081894
107,Q,T,0.03563
107,Q,V,0.022711
107,Q,W,-0.040898
107,Q,Y,0.0060666
108,P,*,-1.5196
108,P,A,-0.031663
108,P,C,0.1726
108,P,D,-0.455
108,P,E,0.13039
108,P,F,0.028677
108,P,G,0.17379
108,P,H,-0.035686
108,P,I,0.34517
108,P,K,0.18824
108,P,L,-0.11068
108,P,M,0.070251
108,P,N,0.10297
108,P,P,0
108,P,Q,0.19219
108,P,R,-0.19807
108,P,S,0.089729
108,P,T,0.21468
108,P,V,0.1497
108,P,W,-0.44686
108,P,Y,0.25011
109,G,*,-0.90239
109,G,A,-0.78829
109,G,C,-1.0809
109,G,D,-1.329
109,G,E,-1.0501
109,G,F,-1.4819
109,G,G,0
109,G,H,-1.3673
109,G,I,-1.0934
109,G,K,-1.07
109,G,L,-1.4595
109,G,M,-1.4681
109,G,N,-1.3157
109,G,P,-1.2802
109,G,Q,-1.2982
109,G,R,-1.6667
109,G,S,-0.60528
109,G,T,-0.61495
109,G,V,-1.4694
109,G,W,-1.264
109,G,Y,-0.81734
110,Q,*,-1.156
110,Q,A,0.062257
110,Q,C,0.15063
110,Q,D,0.1426
110,Q,E,-0.24141
110,Q,F,0.17193
110,Q,G,-0.0090172
110,Q,I,-0.51703
110,Q,K,0.016838
110,Q,L,0.036902
110,Q,M,0.095511
110,Q,N,0.012141
110,Q,P,-1.0222
110,Q,R,-0.082884
110,Q,S,0.012856
110,Q,T,0.19556
110,Q,V,-0.5343
110,Q,W,-0.1432
110,Q,Y,0.11928
111,T,*,-1.7017
111,T,A,-1.4394
111,T,C,-1.0356
111,T,D,-0.91179
111,T,E,-0.75346
111,T,F,-0.9482
111,T,G,-1.2833
111,T,H,-0.41103
111,T,K,-0.57805
111,T,L,-1.5021
111,T,M,-0.85708
111,T,N,-1.0506
111,T,P,-1.0324
111,T,Q,-1.1609
111,T,R,-1.3913
111,T,S,-0.0034294
111,T,V,-1.5269
111,T,W,-1.5313
111,T,Y,-0.9228
112,F,*,-0.91168
112,F,A,-0.11109
112,F,C,0.070129
112,F,D,-0.62828
112,F,E,-1.187
112,F,G,-1.0606
112,F,H,-0.27322
112,F,I,-0.053364
112,F,K,-0.46734
112,F,L,0.046656
112,F,N,-0.93985
112,F,P,-1.0065
112,F,Q,-0.0097387
112,F,R,-1.0699
112,F,S,-1.4971
112,F,T,-0.0045868
112,F,V,0.0031149
112,F,W,-1.422
112,F,Y,-0.31569
113,S,*,-0.89522
113,S,A,-1.3572
113,S,C,-1.1685
113,S,D,-0.89464
113,S,E,-1.1934
113,S,F,-0.61199
113,S,G,-1.4931
113,S,H,-0.26975
113,S,I,-0.42956
113,S,K,-1.2946
113,S,L,-0.86544
113,S,M,-0.76715
113,S,N,-0.50772
113,S,P,-0.1625
113,S,Q,-0.91496
113,S,R,-1.2003
113,S,S,0
113,S,T,0.14313
113,S,V,-1.2665
113,S,W,-0.94247
113,S,Y,-0.2246
114,V,*,-1.1048
114,V,A,0.19177
114,V,C,-0.16339
114,V,D,-0.96859
114,V,E,-0.44081
114,V,F,-1.0461
114,V,G,-1.1172
114,V,H,-1.0472
114,V,I,0.12729
114,V,K,-1.2313
114,V,L,-0.20043
114,V,M,-0.10237
114,V,N,-0.17405
114,V,P,-0.47168
114,V,Q,-0.10245
114,V,R,-1.3856
114,V,S,0.019688
114,V,T,0.33232
114,V,V,0
114,V,W,-1.369
114,V,Y,-1.0136
115,L,*,-0.95139
115,L,A,-1.5645
115,L,C,-0.77932
115,L,D,-1.0547
115,L,E,-0.91996
115,L,F,-1.299
115,L,G,-1.1885
115,L,H,-0.64835
115,L,I,-0.74986
115,L,K,-0.98554
115,L,L,0
115,L,M,-0.3552
115,L,N,-1.4788
115,L,P,-1.0749
115,L,Q,-1.395
115,L,R,-1.3292
115,L,S,-1.4837
115,L,T,-1.6543
115,L,V,-0.84782
115,L,W,-1.5499
115,L,Y,-0.94142
116,A,*,-1
116,A,A,0
116,A,C,-0.0099619
116,A,D,-0.1671
116,A,E,-0.057508
116,A,F,-0.33383
116,A,G,-0.21893
116,A,H,-0.52523
116,A,I,-0.037727
116,A,K,-0.5778
116,A,L,-0.02353
116,A,M,-0.014317
116,A,N,-0.016197
116,A,P,-0.053922
116,A,Q,-0.06715
116,A,R,-0.9299
116,A,S,-0.12389
116,A,T,-0.051535
116,A,V,-0.03058
116,A,W,-0.68883
116,A,Y,-0.36709
117,C,*,-0.90051
117,C,A,-0.035939
117,C,D,-0.87338
117,C,E,-1.3585
117,C,G,-1.3063
117,C,H,-0.44402
117,C,I,-1.7671
117,C,K,-1.1441
117,C,L,-1.1003
117,C,M,-1.0834
117,C,N,-0.2993
117,C,P,-1.2058
117,C,Q,-1.3848
117,C,R,-1.3623
117,C,S,0.12259
117,C,T,0.097788
117,C,V,-0.77131
117,C,W,-1.1635
118,Y,*,-0.94027
118,Y,A,-1.1031
118,Y,C,-1.4485
118,Y,D,-0.77715
118,Y,E,-1.4857
118,Y,F,-0.90013
118,Y,G,-1.6572
118,Y,H,-0.59512
118,Y,I,-0.63312
118,Y,K,-1.1906
118,Y,L,-0.373
118,Y,M,-0.20016
118,Y,N,-0.92608
118,Y,P,-1.0484
118,Y,Q,-0.53582
118,Y,R,-1.1184
118,Y,S,-1.2768
118,Y,T,-0.80818
118,Y,V,-0.48209
118,Y,W,-1.6773
119,N,A,-0.012707
119,N,C,0.17678
119,N,E,0.060309
119,N,F,-0.058572
119,N,G,-0.038317
119,N,I,-0.0046454
119,N,K,-0.074904
119,N,L,-0.022912
119,N,M,0.12387
119,N,P,-0.3138
119,N,Q,0.0048824
119,N,R,0.10033
119,N,S,0.0042903
119,N,T,-0.090127
119,N,V,-0.46173
119,N,W,-0.053905
119,N,Y,0.07712
120,G,*,-0.63554
120,G,A,0.003564
120,G,C,-0.47011
120,G,D,-1.4775
120,G,E,-1.5344
120,G,F,-0.53264
120,G,G,0
120,G,K,-1.0957
120,G,L,-0.67161
120,G,M,-0.67792
120,G,P,-0.51373
120,G,Q,-1.1303
120,G,R,-0.63918
120,G,S,-0.017193
120,G,T,-0.7369
120,G,V,-1.1596
120,G,W,-1.1574
120,G,Y,-0.28003
121,S,*,-1
121,S,A,0.042493
121,S,C,-0.1116
121,S,D,0.078048
121,S,E,0.012226
121,S,F,-0.019148
121,S,G,0.17586
121,S,H,0.088646
121,S,I,0.047369
121,S,K,-0.062179
121,S,L,-0.14065
121,S,M,0.049603
121,S,N,0.16887
121,S,P,-1.0826
121,S,Q,-0.065413
121,S,R,-0.096576
121,S,S,0
121,S,T,0.068855
121,S,V,-0.10316
121,S,W,0.01062
121,S,Y,-0.1127
122,P,*,-1.1798
122,P,A,0.20713
122,P,C,-0.023105
122,P,D,-0.95772
122,P,E,-0.85567
122,P,F,-0.99231
122,P,G,0.12691
122,P,H,-0.66447
122,P,K,-1.4009
122,P,L,-0.99687
122,P,M,-0.80183
122,P,N,-1.1339
122,P,P,0
122,P,Q,-0.89154
122,P,R,-1.5619
122,P,S,-0.049559
122,P,T,-1.0465
122,P,V,-0.34633
122,P,W,-0.4604
122,P,Y,-0.17167
123,S,*,-1.069
123,S,A,0.41363
123,S,C,-0.02313
123,S,D,-0.22586
123,S,E,0.19167
123,S,G,0.06708
123,S,H,0.023105
123,S,L,0.35696
123,S,M,0.35505
123,S,N,0.42807
123,S,P,-1.1659
123,S,Q,0.10218
123,S,R,0.12738
123,S,S,0
123,S,T,-0.019774
123,S,V,0.1659
123,S,W,0.074058
123,S,Y,-0.73993
124,G,*,-1.6516
124,G,A,0.041936
124,G,C,-0.17141
124,G,D,-0.89392
124,G,E,-1.0591
124,G,F,0.13747
124,G,G,0
124,G,I,-0.96877
124,G,K,-1.2266
124,G,L,-1.0715
124,G,M,-0.48187
124,G,N,-0.013154
124,G,P,-0.9712
124,G,Q,-0.94125
124,G,R,-1.1492
124,G,S,0.20024
124,G,T,-0.14666
124,G,V,-0.99473
124,G,W,0.0601
124,G,Y,-0.20702
125,V,*,-0.79881
125,V,A,-0.87349
125,V,C,-0.45244
125,V,E,-1.1135
125,V,F,-1.2081
125,V,G,-1.3819
125,V,K,-0.50511
125,V,L,0.062315
125,V,M,-0.85937
125,V,Q,-0.84886
125,V,R,-1.2868
125,V,S,-0.32427
125,V,T,-0.86052
125,V,V,0
125,V,W,-0.81002
125,V,Y,-1.1879
126,Y,*,-1.3019
126,Y,A,-1.2412
126,Y,C,-0.62128
126,Y,D,-0.87326
126,Y,E,-1.1282
126,Y,F,0.46986
126,Y,G,-0.78059
126,Y,H,-1.121
126,Y,I,0.3459
126,Y,K,-1.4669
126,Y,L,-0.019778
126,Y,M,0.061752
126,Y,N,-1.0748
126,Y,P,-0.83333
126,Y,Q,-0.15197
126,Y,R,-1.6244
126,Y,S,-0.33981
126,Y,T,-0.54541
126,Y,V,-0.33884
126,Y,W,-0.00025692
126,Y,Y,0
127,Q,*,-0.60089
127,Q,A,0.030929
127,Q,C,0.11831
127,Q,D,-1.5463
127,Q,E,-0.61579
127,Q,F,-0.39312
127,Q,G,0.042403
127,Q,H,0.050206
127,Q,I,-0.70946
127,Q,K,-0.21226
127,Q,L,-0.63977
127,Q,M,0.10586
127,Q,N,-0.061166
127,Q,P,-0.183
127,Q,Q,0
127,Q,R,-1.1769
127,Q,S,0.041535
127,Q,T,0.21999
127,Q,V,0.16564
127,Q,Y,-0.59935
128,C,*,-0.93212
128,C,A,-0.0004157
128,C,D,-0.62679
128,C,E,-0.82068
128,C,F,-0.065819
128,C,G,-1.2118
128,C,I,0.084651
128,C,K,-0.89877
128,C,L,0.026687
128,C,M,-0.34657
128,C,P,0.053263
128,C,Q,-0.11799
128,C,R,-1.4016
128,C,S,-0.10733
128,C,T,-0.068186
128,C,V,0.17771
128,C,W,-1.2097
129,A,C,-0.071925
129,A,E,-1.1869
129,A,G,0.013676
129,A,H,-0.76471
129,A,I,0.20665
129,A,K,-1.3673
129,A,L,-0.25919
129,A,M,0.23959
129,A,Q,-0.6185
129,A,R,-1.0566
129,A,S,-0.34139
129,A,T,0.22195
129,A,V,0.08803
129,A,W,-0.46917
129,A,Y,-0.55148
130,M,*,-0.98956
130,M,A,-0.12713
130,M,C,-0.11198
130,M,D,-0.79077
130,M,E,-0.79767
130,M,F,-0.81931
130,M,G,-1.4552
130,M,H,-0.50704
130,M,I,-0.10864
130,M,K,-0.86146
130,M,L,0.20043
130,M,N,-1.0886
130,M,P,-0.80024
130,M,Q,0.03086
130,M,R,-1.0295
130,M,S,-0.95785
130,M,V,-0.0081371
130,M,W,-1.1772
130,M,Y,-0.57362
131,R,*,-1.531
131,R,A,-1.5107
131,R,C,-0.75462
131,R,D,-1.2627
131,R,E,-1.4334
131,R,F,-1.5609
131,R,G,-1.6153
131,R,H,-0.56611
131,R,I,-1.0507
131,R,K,-0.92856
131,R,L,-1.2366
131,R,M,-1.129
131,R,N,-0.63905
131,R,P,-0.94374
131,R,Q,-1.3838
131,R,R,0
131,R,S,-1.1462
131,R,T,-0.63553
131,R,V,-1.2983
131,R,W,-1.2339
131,R,Y,-1.402
132,P,*,-0.86449
132,P,A,-0.28704
132,P,C,-0.051171
132,P,D,-0.99575
132,P,E,-1.0512
132,P,F,0.012272
132,P,G,-0.20915
132,P,I,-0.027677
132,P,K,-0.1435
132,P,L,0.12715
132,P,M,0.1522
132,P,P,0
132,P,Q,-0.41336
132,P,R,-0.62625
132,P,S,0.046772
132,P,T,0.001433
132,P,V,-0.33446
132,P,W,-0.90734
132,P,Y,-0.18607
133,N,*,-1.359
133,N,A,-0.74733
133,N,C,-1.1276
133,N,D,-1.3
133,N,E,-1.5437
133,N,F,-1.0522
133,N,G,-1.574
133,N,H,-1.3366
133,N,I,-0.56603
133,N,K,-0.94304
133,N,L,-1.4773
133,N,M,-0.83
133,N,P,-1.161
133,N,Q,-0.53589
133,N,R,-1.161
133,N,S,-0.64661
133,N,T,-0.41528
133,N,V,-1.1021
133,N,W,-1.2054
133,N,Y,-1.0952
134,F,*,-1
134,F,A,0.22185
134,F,C,0.092939
134,F,D,0.12785
134,F,E,0.1284
134,F,F,0
134,F,G,0.17426
134,F,H,0.030783
134,F,I,-0.99271
134,F,K,-0.11614
134,F,L,0.16883
134,F,M,0.016025
134,F,N,0.0029957
134,F,P,-1.064
134,F,Q,0.27391
134,F,R,0.11547
134,F,S,0.067262
134,F,T,0.4082
134,F,V,-0.25691
134,F,W,-0.12688
134,F,Y,-0.14069
135,T,*,-0.7545
135,T,A,-0.067185
135,T,C,-0.029813
135,T,D,-1.0545
135,T,E,-0.95331
135,T,F,-0.72676
135,T,G,-0.87298
135,T,H,-0.82314
135,T,I,0.025325
135,T,K,-1.0661
135,T,L,-0.6408
135,T,M,-1.0842
135,T,N,-0.64479
135,T,P,-0.80819
135,T,Q,-0.68974
135,T,R,-1.3378
135,T,S,-0.030789
135,T,T,0
135,T,V,0.2131
135,T,W,-0.85703
135,T,Y,-0.68217
136,I,*,-0.95567
136,I,A,-0.10956
136,I,C,-0.24352
136,I,D,-0.56189
136,I,E,-1.0476
136,I,F,-0.17722
136,I,G,-1.3558
136,I,H,-0.044303
136,I,K,-1.4527
136,I,L,-0.053556
136,I,M,0.029179
136,I,N,-0.26366
136,I,P,-0.7804
136,I,Q,-0.59521
136,I,R,-1.3757
136,I,S,-0.084964
136,I,T,0.11211
136,I,V,-0.13208
136,I,W,-1.3911
136,I,Y,-0.76864
137,K,A,0.073684
137,K,D,-0.40653
137,K,E,-0.056923
137,K,G,-0.82402
137,K,H,0.021578
137,K,I,0.18858
137,K,L,0.094375
137,K,M,0.51707
137,K,N,0.030604
137,K,P,-0.43928
137,K,Q,0.099094
137,K,R,0.042661
137,K,S,-0.18555
137,K,T,-0.18162
137,K,V,-0.014883
137,K,W,-0.083799
137,K,Y,-0.010234
138,G,*,-1
138,G,A,-0.26354
138,G,C,-0.91971
138,G,D,-0.65508
138,G,E,-1.0765
138,G,F,-0.98453
138,G,G,0
138,G,H,-0.86651
138,G,I,-0.66198
138,G,K,-0.88067
138,G,L,-1.1271
138,G,M,-0.16234
138,G,N,-0.89161
138,G,P,-0.99421
138,G,Q,-0.79229
138,G,R,-1.1796
138,G,S,-0.79928
138,G,T,-0.76023
138,G,V,-1.0282
138,G,W,-1.0923
138,G,Y,-0.96697
139,S,*,-0.53534
139,S,A,-0.1099
139,S,C,-0.20023
139,S,D,-1.1243
139,S,E,-1.4206
139,S,F,0.020091
139,S,G,-0.39903
139,S,H,-0.30948
139,S,I,-0.30405
139,S,K,-0.60195
139,S,L,-0.1226
139,S,M,0.17901
139,S,N,0.053309
139,S,P,0.0055807
139,S,Q,0.034541
139,S,R,-0.92259
139,S,S,0
139,S,T,0.041218
139,S,V,-0.016776
139,S,W,-0.17481
140,F,*,-0.9919
140,F,A,-0.99613
140,F,C,-0.81617
140,F,D,-1.0058
140,F,E,-1.5026
140,F,F,0
140,F,G,-1.5784
140,F,H,-0.29933
140,F,I,-0.98001
140,F,K,-1.5196
140,F,L,-0.23266
140,F,M,0.028326
140,F,N,-1.1073
140,F,P,-1.0915
140,F,Q,-0.11996
140,F,R,-1.4612
140,F,S,-1.365
140,F,T,-1.0396
140,F,V,-1.3857
140,F,W,-1.4738
140,F,Y,-1.3286
141,L,*,-0.74528
141,L,A,0.039907
141,L,C,-0.028075
141,L,D,-0.24946
141,L,E,0.31381
141,L,F,-0.53315
141,L,G,-0.36265
141,L,H,0.091594
141,L,I,-0.10957
141,L,K,0.21223
141,L,L,0
141,L,M,0.26811
141,L,N,0.065753
141,L,P,-1.1094
141,L,Q,0.11909
141,L,R,0.16767
141,L,S,-0.29154
141,L,T,-0.0064507
141,L,V,-0.1399
141,L,W,-1.2288
141,L,Y,-0.53476
142,N,*,-1.1926
142,N,A,0.096524
142,N,C,0.0517
142,N,D,-0.018142
142,N,E,-0.17571
142,N,F,-0.10827
142,N,G,-0.55152
142,N,H,-0.89718
142,N,I,0.20479
142,N,K,-0.054737
142,N,L,0.2931
142,N,M,0.1113
142,N,P,0.27463
142,N,Q,-0.092529
142,N,R,0.16042
142,N,S,-0.061999
142,N,T,0.12461
142,N,V,0.19046
142,N,W,-0.022901
142,N,Y,-0.011398
143,G,*,-0.90843
143,G,A,-0.55713
143,G,C,-0.87513
143,G,D,-0.16744
143,G,E,-0.51809
143,G,F,-1.0211
143,G,G,0
143,G,H,-0.78295
143,G,I,-1.0984
143,G,K,-0.35555
143,G,L,-0.61283
143,G,M,-1.1553
143,G,N,-0.66881
143,G,P,-0.48732
143,G,Q,-0.53308
143,G,R,-0.83113
143,G,S,-0.3564
143,G,T,-0.48185
143,G,V,-1.4091
143,G,W,-1.5714
143,G,Y,-1.0234
144,S,*,-0.99734
144,S,A,-0.97814
144,S,C,-1.7135
144,S,D,-0.94081
144,S,E,-1.0738
144,S,F,-1.1721
144,S,G,-1.0867
144,S,H,-1.0524
144,S,I,-1.0919
144,S,K,-1.1489
144,S,L,-1.2749
144,S,M,-0.72899
144,S,N,-0.89251
144,S,P,-0.94155
144,S,Q,-1.1158
144,S,R,-1.3774
144,S,S,0
144,S,T,-1.1628
144,S,V,-1.2127
144,S,W,-0.7692
144,S,Y,-1.3875
145,C,*,-1.1514
145,C,A,-1.091
145,C,D,-1.0995
145,C,E,-1.1168
145,C,F,-0.97126
145,C,G,-1.0684
145,C,H,-0.26916
145,C,I,-0.93048
145,C,K,-1.0802
145,C,L,-1.1454
145,C,M,-1.1349
145,C,N,-0.76492
145,C,P,-0.85204
145,C,Q,-0.50011
145,C,R,-1.3989
145,C,S,-0.7885
145,C,T,-0.39945
145,C,V,-1.4325
145,C,W,-0.74024
145,C,Y,-0.89153
146,G,*,-1.2791
146,G,A,-1.4126
146,G,C,-1.197
146,G,D,-1.3245
146,G,E,-1.1421
146,G,F,-1.1422
146,G,G,0
146,G,H,-0.924
146,G,I,-0.64821
146,G,K,-0.53572
146,G,L,-1.5568
146,G,M,-0.96637
146,G,N,-0.94238
146,G,P,-1.3032
146,G,Q,-0.69834
146,G,R,-1.027
146,G,S,-1.0196
146,G,T,-0.58797
146,G,V,-1.4287
146,G,W,-1.3688
146,G,Y,-1.2762
147,S,*,-1.6128
147,S,A,-1.4233
147,S,C,-1.4746
147,S,D,-1.4364
147,S,E,-1.4867
147,S,F,-0.95901
147,S,G,-1.3582
147,S,H,-0.83021
147,S,I,-0.90297
147,S,K,-0.9127
147,S,L,-1.2416
147,S,M,-0.62306
147,S,N,-0.53533
147,S,P,-0.64169
147,S,Q,-0.92937
147,S,R,-1.3786
147,S,S,0
147,S,T,-1.1165
147,S,V,-1.5383
147,S,W,-1.5152
147,S,Y,-1.1813
148,V,*,-0.83784
148,V,A,0.054166
148,V,C,-0.2332
148,V,D,-0.093628
148,V,E,-0.85235
148,V,F,-0.31686
148,V,G,-0.45264
148,V,H,-0.13194
148,V,I,0.10266
148,V,K,-0.076507
148,V,L,0.43129
148,V,M,0.19919
148,V,N,-0.22152
148,V,P,0.27859
148,V,Q,-1.215
148,V,R,-0.2324
148,V,S,-0.050269
148,V,T,0.31947
148,V,V,0
148,V,W,-0.091083
148,V,Y,-0.061304
149,G,*,-0.28329
149,G,A,0.37432
149,G,C,-0.15552
149,G,D,1.8202
149,G,E,-0.053977
149,G,F,-0.11069
149,G,G,0
149,G,H,-0.60156
149,G,I,-0.19323
149,G,K,-0.076583
149,G,L,-0.20539
149,G,N,-0.17076
149,G,P,-1.0564
149,G,Q,-0.69637
149,G,R,-0.2317
149,G,S,0.070211
149,G,T,-0.20648
149,G,V,-0.31858
149,G,Y,-0.059004
150,F,*,-0.78171
150,F,A,-0.9623
150,F,C,-0.74381
150,F,D,-0.58561
150,F,E,-0.33475
150,F,G,-1.0766
150,F,H,-0.67275
150,F,I,-1.3656
150,F,K,-0.39558
150,F,L,-0.95568
150,F,M,-0.91302
150,F,N,-0.6724
150,F,P,-0.56767
150,F,Q,-0.65429
150,F,R,-0.77762
150,F,S,-0.76757
150,F,T,-0.63795
150,F,V,-1.2642
150,F,W,-0.10066
150,F,Y,-0.18974
151,N,*,-1.0453
151,N,A,-0.10356
151,N,C,-0.097237
151,N,D,-0.060395
151,N,E,-0.14493
151,N,F,0.042918
151,N,G,-0.032612
151,N,H,-0.035987
151,N,I,-0.099047
151,N,K,-0.075016
151,N,L,-0.20099
151,N,M,-0.029307
151,N,N,0
151,N,P,-0.61093
151,N,Q,-0.048243
151,N,R,-0.22779
151,N,S,-0.12066
151,N,T,-0.1701
151,N,V,-0.16542
151,N,W,-0.062868
151,N,Y,0.010665
152,I,*,-1.2697
152,I,A,-0.38014
152,I,C,-0.14546
152,I,D,-0.58039
152,I,E,-1.243
152,I,F,0.012221
152,I,G,-0.55164
152,I,H,-0.053666
152,I,I,0
152,I,K,-0.10301
152,I,L,-0.073571
152,I,M,0.0033188
152,I,N,-0.15553
152,I,P,-0.35389
152,I,Q,-0.031981
152,I,R,-0.07234
152,I,S,-0.26753
152,I,T,-0.31933
152,I,V,-0.089697
152,I,W,-0.26075
152,I,Y,0.027031
153,D,*,-0.778
153,D,A,-0.17858
153,D,C,0.026132
153,D,E,-0.13855
153,D,F,0.002584
153,D,G,-0.071241
153,D,H,-0.097959
153,D,I,0.074131
153,D,K,-0.1464
153,D,L,-0.035286
153,D,M,-0.077243
153,D,N,-0.019717
153,D,P,-0.18523
153,D,Q,-0.053542
153,D,R,-0.06567
153,D,S,-0.048548
153,D,T,-0.053508
153,D,V,-0.037851
153,D,W,-0.030064
153,D,Y,0.058465
154,Y,*,-0.9311
154,Y,A,-0.065939
154,Y,C,-0.14238
154,Y,D,0.010953
154,Y,E,-0.051356
154,Y,F,-0.062861
154,Y,G,-0.11357
154,Y,H,-0.045431
154,Y,I,0.024948
154,Y,K,-0.12458
154,Y,L,-0.10664
154,Y,M,-0.091387
154,Y,N,0.11109
154,Y,P,-0.34942
154,Y,Q,-0.17813
154,Y,R,-0.14978
154,Y,S,-0.034461
154,Y,T,-0.090143
154,Y,V,-0.12249
154,Y,W,-0.071639
155,D,*,-1.367
155,D,A,-0.14216
155,D,C,-0.075623
155,D,D,0
155,D,E,-0.069671
155,D,F,-0.15096
155,D,G,0.019357
155,D,H,0.067481
155,D,I,-0.19691
155,D,K,-0.035067
155,D,L,-0.066749
155,D,M,-0.016567
155,D,N,-0.12148
155,D,P,-0.028696
155,D,Q,-0.076487
155,D,R,-0.14128
155,D,S,-0.014967
155,D,T,-0.056693
155,D,V,-0.13164
155,D,W,-0.24979
155,D,Y,-0.088601
156,C,*,-1.2392
156,C,A,-0.14647
156,C,D,-0.026438
156,C,E,-0.031351
156,C,F,-0.034436
156,C,G,-0.06222
156,C,H,0.047692
156,C,I,-0.073046
156,C,K,-0.081803
156,C,L,-0.11218
156,C,M,-0.077928
156,C,N,0.00019586
156,C,P,-0.61119
156,C,Q,-0.27947
156,C,R,-0.023609
156,C,S,-0.082605
156,C,T,-0.080521
156,C,V,-0.12291
156,C,W,-0.0056982
156,C,Y,0.0039901
157,V,*,-0.60258
157,V,A,-0.11134
157,V,C,-0.27295
157,V,D,-0.7089
157,V,E,-0.79456
157,V,F,-0.52933
157,V,G,-0.71807
157,V,H,0.00037017
157,V,I,-0.050167
157,V,K,-0.50386
157,V,L,0.022977
157,V,M,-0.037242
157,V,N,-0.773
157,V,P,-0.40834
157,V,Q,-0.20617
157,V,R,-0.94635
157,V,S,-0.65461
157,V,T,-0.01541
157,V,V,0
157,V,W,-0.050463
157,V,Y,-0.44444
158,S,*,-0.87727
158,S,A,-0.067892
158,S,C,-0.13352
158,S,D,0.0021782
158,S,E,0.099983
158,S,F,0.013492
158,S,G,0.0042206
158,S,H,0.045611
158,S,I,-0.18958
158,S,K,-0.11164
158,S,L,-0.11993
158,S,M,-0.063887
158,S,N,-0.10783
158,S,P,-0.63754
158,S,Q,0.039624
158,S,R,0.017981
158,S,S,0
158,S,T,-0.10303
158,S,V,0.027132
158,S,W,-0.0085922
158,S,Y,-0.15387
159,F,*,-1.0612
159,F,A,-1.3323
159,F,C,-0.39876
159,F,D,-0.70137
159,F,E,-0.67514
159,F,G,-0.77351
159,F,H,-0.59176
159,F,I,-0.1153
159,F,K,-0.80295
159,F,L,-0.16398
159,F,M,-0.15599
159,F,N,-0.7316
159,F,P,-1.0548
159,F,Q,-0.57063
159,F,R,-0.93688
159,F,S,-0.88284
159,F,T,-0.90272
159,F,V,-0.12916
159,F,W,-0.83943
159,F,Y,-0.15274
160,C,*,-0.93023
160,C,A,0.02637
160,C,D,-0.097774
160,C,E,-0.079362
160,C,F,0.020712
160,C,G,-0.09316
160,C,H,-0.1026
160,C,I,-0.18723
160,C,K,-0.12131
160,C,L,0.052709
160,C,M,-0.17573
160,C,N,-0.035677
160,C,P,-0.028155
160,C,Q,0.055893
160,C,R,-0.11357
160,C,S,0.064207
160,C,T,-0.12385
160,C,V,0.14612
160,C,W,-0.23739
160,C,Y,-0.023777
161,Y,A,-0.55728
161,Y,C,-1.0256
161,Y,D,-0.55664
161,Y,E,-0.70257
161,Y,F,-0.74299
161,Y,G,-0.69292
161,Y,H,-0.40909
161,Y,I,-0.39369
161,Y,K,-0.51554
161,Y,L,-0.55316
161,Y,M,-0.35122
161,Y,N,-0.48544
161,Y,P,-0.38168
161,Y,Q,-0.54821
161,Y,R,-0.79961
161,Y,S,-0.78938
161,Y,T,-0.78837
161,Y,V,-0.5051
161,Y,W,-0.52417
162,M,*,-1.1404
162,M,A,-0.038459
162,M,C,-0.028255
162,M,D,-1.2304
162,M,E,-0.37521
162,M,F,-0.22395
162,M,G,-0.88675
162,M,H,-0.36098
162,M,I,-0.11408
162,M,K,-0.99396
162,M,L,-0.12581
162,M,N,-0.64426
162,M,P,-0.96938
162,M,Q,-0.19375
162,M,R,-0.88082
162,M,S,-0.097973
162,M,T,-0.15981
162,M,V,-0.082289
162,M,W,-0.8762
162,M,Y,-1.1349
163,H,*,-0.6752
163,H,A,-0.65186
163,H,C,-0.62016
163,H,D,-0.68901
163,H,E,-0.81466
163,H,F,-0.51429
163,H,G,-0.66152
163,H,I,-1.0204
163,H,K,-1.1404
163,H,L,-1.8237
163,H,M,-0.74903
163,H,N,-1.1368
163,H,P,-0.65796
163,H,R,-0.84776
163,H,S,-0.86213
163,H,T,-0.6849
163,H,V,-0.84946
163,H,W,-0.60341
163,H,Y,-0.6857
164,H,*,-1.3011
164,H,A,-0.064321
164,H,C,0.047098
164,H,E,-0.070473
164,H,F,-1.5266
164,H,G,-0.59882
164,H,I,-0.74765
164,H,K,-0.6029
164,H,L,-1.2693
164,H,M,-0.36863
164,H,P,-1.0113
164,H,R,-1.0357
164,H,S,-0.5308
164,H,T,-0.12101
164,H,V,-0.13213
164,H,W,-0.52917
165,M,*,-0.85813
165,M,A,-0.89257
165,M,C,-0.1139
165,M,D,-0.74599
165,M,E,-1.1299
165,M,F,-1.0578
165,M,G,-0.94415
165,M,H,-0.87665
165,M,I,-0.13596
165,M,K,-0.84269
165,M,L,0.08564
165,M,N,-0.88515
165,M,P,-0.88045
165,M,Q,-0.77415
165,M,R,-1.2083
165,M,S,-0.94024
165,M,T,-0.96204
165,M,V,-0.2065
165,M,W,-0.94125
165,M,Y,-1.0212
166,E,*,-1.4213
166,E,A,0.082192
166,E,C,-0.091653
166,E,D,-1.1997
166,E,E,0
166,E,F,-0.85193
166,E,G,-0.1979
166,E,H,-0.46427
166,E,I,-0.33573
166,E,K,-0.22417
166,E,L,-0.1149
166,E,M,0.077307
166,E,N,-1.1259
166,E,P,-1.0931
166,E,Q,-0.036149
166,E,R,-0.039104
166,E,S,-0.51963
166,E,T,-1.8407
166,E,V,-0.25107
166,E,W,-0.29286
166,E,Y,-0.53398
167,L,*,-0.8562
167,L,A,-0.82354
167,L,C,-0.35177
167,L,D,-0.83283
167,L,E,-1.142
167,L,F,-0.20059
167,L,G,-0.96798
167,L,H,-0.36272
167,L,I,-0.12787
167,L,K,-0.86719
167,L,L,0
167,L,M,0.19733
167,L,N,-0.93141
167,L,P,-1.11
167,L,Q,-0.64705
167,L,R,-1.8856
167,L,S,-1.134
167,L,T,-0.26589
167,L,V,-0.45265
167,L,W,-0.32927
167,L,Y,-1.0499
168,P,*,-0.7862
168,P,A,0.1118
168,P,C,-0.085496
168,P,D,-0.24734
168,P,E,0.14395
168,P,F,0.031776
168,P,G,-0.062164
168,P,H,0.2098
168,P,I,0.29215
168,P,K,0.13662
168,P,L,0.23871
168,P,M,0.41661
168,P,N,0.033746
168,P,P,0
168,P,Q,0.12649
168,P,R,0.28421
168,P,S,0.29363
168,P,T,0.17313
168,P,V,0.11934
168,P,W,-0.1459
168,P,Y,0.064006
169,T,*,-0.92339
169,T,A,-0.14334
169,T,C,-0.16381
169,T,D,-0.35638
169,T,E,-0.22491
169,T,F,-0.027396
169,T,G,0.069219
169,T,H,-0.11561
169,T,I,0.61595
169,T,K,-0.049077
169,T,L,0.010029
169,T,M,0.040019
169,T,N,-0.1633
169,T,P,-0.00089407
169,T,Q,-0.14612
169,T,R,-0.039007
169,T,S,-0.0080636
169,T,T,0
169,T,V,-0.032334
169,T,W,0.015356
169,T,Y,-0.093198
170,G,*,-1.3685
170,G,A,0.08168
170,G,C,0.019293
170,G,D,-1.5888
170,G,E,-0.82777
170,G,F,-0.19028
170,G,G,0
170,G,H,0.058568
170,G,I,-0.1377
170,G,K,-0.16952
170,G,L,0.040686
170,G,M,0.10668
170,G,N,-0.1963
170,G,P,0.10375
170,G,Q,-0.37817
170,G,R,0.017064
170,G,S,-0.41734
170,G,T,-0.25443
170,G,V,-0.0036209
170,G,W,-0.0094832
170,G,Y,-0.15122
171,V,*,-1.2087
171,V,A,-0.049382
171,V,C,-0.12485
171,V,D,-0.26814
171,V,E,0.23594
171,V,F,-0.088453
171,V,G,-0.27158
171,V,H,-0.34273
171,V,I,-0.00016035
171,V,K,0.047195
171,V,L,0.17475
171,V,M,0.14194
171,V,N,0.06548
171,V,P,0.15909
171,V,Q,-0.0050481
171,V,R,0.14159
171,V,S,0.099982
171,V,T,0.1079
171,V,V,0
171,V,W,0.43085
171,V,Y,0.068361
172,H,*,-1.055
172,H,A,-0.88225
172,H,C,-0.7668
172,H,D,-1.2794
172,H,E,-1.0473
172,H,F,-0.20062
172,H,G,-1.4115
172,H,I,-1.2243
172,H,K,-1.652
172,H,L,-1.7954
172,H,M,-1.4519
172,H,N,-2.0596
172,H,P,-1.0944
172,H,Q,-0.72347
172,H,R,-1.5744
172,H,S,-1.437
172,H,T,-1.4732
172,H,V,-1.5231
172,H,W,-0.89481
172,H,Y,0.0040589
173,A,*,-0.54828
173,A,A,0
173,A,C,0.10512
173,A,D,-0.70567
173,A,E,-0.56806
173,A,F,-0.57598
173,A,G,-0.066001
173,A,H,-0.52529
173,A,I,-0.81816
173,A,K,-0.97903
173,A,L,-1.0782
173,A,M,-0.40233
173,A,N,-0.78395
173,A,P,-1.6663
173,A,Q,-0.99376
173,A,R,-1.5004
173,A,S,0.25579
173,A,T,0.024276
173,A,V,-0.061417
173,A,W,-1.0699
173,A,Y,-0.73403
174,G,*,-0.78555
174,G,A,-0.86954
174,G,C,-0.66834
174,G,D,-0.79896
174,G,E,-0.60935
174,G,F,-1.179
174,G,G,0
174,G,H,-1.2015
174,G,I,-1.3184
174,G,K,-0.92573
174,G,L,-0.96778
174,G,M,-1.7956
174,G,N,-0.58606
174,G,P,-0.72418
174,G,Q,-0.99023
174,G,R,-0.85362
174,G,S,-1.1874
174,G,T,-0.73432
174,G,V,-1.1172
174,G,W,-0.81426
174,G,Y,-0.34063
175,T,*,-0.98569
175,T,A,-0.79558
175,T,C,-0.68889
175,T,D,-0.45705
175,T,E,-0.78359
175,T,F,-0.92198
175,T,G,-0.79112
175,T,H,-1.0306
175,T,I,-0.84174
175,T,K,-0.65074
175,T,L,-1.0276
175,T,M,-1.3383
175,T,N,-0.80244
175,T,P,-0.82413
175,T,Q,-1.1318
175,T,R,-1.1952
175,T,S,0.080969
175,T,T,0
175,T,V,-0.55421
175,T,W,-0.74512
175,T,Y,-0.99786
176,D,*,-0.71761
176,D,A,-0.72611
176,D,C,0.0066118
176,D,E,-0.26
176,D,F,-0.57925
176,D,G,-0.17008
176,D,H,-0.5266
176,D,I,-0.81991
176,D,K,-0.9965
176,D,L,-0.73767
176,D,M,-0.36867
176,D,P,-1.1873
176,D,Q,-0.52876
176,D,R,-0.91639
176,D,S,0.22111
176,D,T,0.1136
176,D,V,-1.1511
176,D,W,-0.95199
176,D,Y,-0.79278
177,L,*,-1.4235
177,L,A,-0.11509
177,L,C,-0.12702
177,L,D,-0.90168
177,L,E,-1.7329
177,L,F,-0.053117
177,L,G,-0.21677
177,L,H,-0.10998
177,L,I,0.060124
177,L,K,-0.60448
177,L,L,0
177,L,M,-0.010717
177,L,N,-0.23092
177,L,P,0.19789
177,L,Q,-0.35888
177,L,R,-1.2009
177,L,S,-0.64528
177,L,T,-0.20673
177,L,V,-0.16439
177,L,W,-0.014358
177,L,Y,-0.1461
178,E,*,-1.2083
178,E,A,0.11335
178,E,C,-0.33543
178,E,D,0.17376
178,E,E,0
178,E,F,-0.12521
178,E,G,-0.17078
178,E,H,-0.40083
178,E,I,-0.18102
178,E,K,-0.13731
178,E,L,0.1328
178,E,M,0.025112
178,E,N,0.10354
178,E,P,0.15033
178,E,Q,0.18222
178,E,R,0.11275
178,E,S,0.13247
178,E,T,-0.29475
178,E,V,-0.08352
178,E,W,-0.0011059
178,E,Y,-0.10331
179,G,*,-0.85365
179,G,A,-0.87161
179,G,C,-0.82366
179,G,D,-0.94511
179,G,E,-0.70634
179,G,F,-0.79596
179,G,G,0
179,G,H,-0.62501
179,G,I,-0.51463
179,G,K,-0.99338
179,G,L,-1.1757
179,G,M,-0.75689
179,G,N,-0.86027
179,G,P,-0.86784
179,G,Q,-0.60711
179,G,R,-1.1246
179,G,S,-0.96245
179,G,T,-0.71043
179,G,V,-0.85428
179,G,W,-0.81826
179,G,Y,-0.66862
180,N,*,-1
180,N,A,0.21425
180,N,C,0.0076731
180,N,D,0.1047
180,N,E,0.16996
180,N,F,0.23347
180,N,G,0.12728
180,N,H,0.25928
180,N,I,0.096319
180,N,K,0.10059
180,N,L,0.20011
180,N,M,0.29469
180,N,N,0
180,N,P,-0.81125
180,N,Q,0.24504
180,N,R,0.18705
180,N,S,0.35144
180,N,T,0.35571
180,N,V,0.1637
180,N,W,0.033162
180,N,Y,0.46399
181,F,*,-0.70165
181,F,A,-0.78353
181,F,C,-0.80539
181,F,D,-0.64638
181,F,E,-0.93451
181,F,G,-1.4363
181,F,H,-0.61275
181,F,I,0.063204
181,F,K,-0.35479
181,F,L,-0.23481
181,F,M,0.11704
181,F,N,-0.77159
181,F,P,-0.76584
181,F,Q,-0.93389
181,F,R,-1.0255
181,F,S,-0.83514
181,F,T,-1.0431
181,F,V,-0.81914
181,F,W,-0.34265
181,F,Y,0.017271
182,Y,*,-0.60114
182,Y,A,-0.6222
182,Y,C,-0.89009
182,Y,D,-0.72606
182,Y,E,-0.46117
182,Y,F,0.070385
182,Y,G,-0.8444
182,Y,H,-0.13863
182,Y,I,-0.26149
182,Y,K,-0.27543
182,Y,L,0.0076318
182,Y,M,-0.58019
182,Y,N,-0.34857
182,Y,P,-0.096737
182,Y,Q,-0.067903
182,Y,R,-0.8751
182,Y,S,-0.31454
182,Y,T,-0.35519
182,Y,V,-1.0403
182,Y,W,-0.46302
183,G,*,-0.72536
183,G,A,-0.9666
183,G,C,-1.0069
183,G,D,-0.89259
183,G,E,-0.9046
183,G,F,-1.5585
183,G,G,0
183,G,H,-0.3447
183,G,I,-0.42463
183,G,K,-0.88833
183,G,L,-1.0022
183,G,M,-0.72505
183,G,N,-0.21192
183,G,P,-0.49507
183,G,Q,-0.45065
183,G,R,-1.1265
183,G,S,-0.96936
183,G,T,-0.88461
183,G,V,-0.95372
183,G,W,-0.81995
183,G,Y,-0.35462
184,P,*,-1.155
184,P,A,0.056748
184,P,C,0.08176
184,P,D,0.022617
184,P,E,0.012443
184,P,F,0.15467
184,P,G,-0.023618
184,P,H,0.092832
184,P,I,-0.27331
184,P,K,0.0001243
184,P,L,-0.06923
184,P,M,0.051089
184,P,N,0.11522
184,P,P,0
184,P,Q,0.25204
184,P,R,0.0667
184,P,S,0.12921
184,P,T,0.28472
184,P,V,-0.11345
184,P,W,-0.041255
184,P,Y,0.050587
185,F,*,-1.0693
185,F,A,-0.87699
185,F,C,-0.75703
185,F,D,-0.75556
185,F,E,-0.88981
185,F,G,-1.2535
185,F,H,-0.55883
185,F,I,-0.7397
185,F,K,-0.79152
185,F,L,-0.68768
185,F,M,-0.95201
185,F,N,-0.96827
185,F,P,-0.65336
185,F,Q,-0.40107
185,F,R,-1.5845
185,F,S,-1.4332
185,F,T,-0.89321
185,F,V,-1.3546
185,F,W,-0.18078
185,F,Y,-0.12869
186,V,*,-0.74112
186,V,A,0.13213
186,V,C,0.14537
186,V,D,0.18113
186,V,E,0.11839
186,V,F,0.15293
186,V,G,-0.57518
186,V,H,0.075917
186,V,I,0.18299
186,V,K,0.1568
186,V,L,0.18127
186,V,M,0.11184
186,V,N,-0.04754
186,V,P,-0.46368
186,V,Q,0.30677
186,V,R,0.14401
186,V,S,0.10954
186,V,T,0.11566
186,V,V,0
186,V,W,0.19783
186,V,Y,0.28293
187,D,*,-1
187,D,A,-1.5266
187,D,C,-1.198
187,D,D,0
187,D,E,-1.5085
187,D,F,-1.1464
187,D,G,-1.6865
187,D,I,-1.2183
187,D,K,-1.4159
187,D,L,-1.2268
187,D,M,-0.98073
187,D,N,-1.2917
187,D,P,-1.3701
187,D,Q,-1.3029
187,D,R,-1.5971
187,D,S,-1.2921
187,D,T,-1.4337
187,D,V,-1.4253
187,D,W,-1.5222
187,D,Y,-1.0644
188,R,*,-1.4775
188,R,A,0.0064624
188,R,C,0.051193
188,R,D,-0.56415
188,R,E,0.16792
188,R,F,0.073588
188,R,G,-0.67871
188,R,I,-0.10613
188,R,K,0.18418
188,R,L,0.1618
188,R,M,0.20223
188,R,N,0.021111
188,R,P,-0.74854
188,R,Q,-0.069445
188,R,R,0
188,R,S,0.30137
188,R,T,0.027572
188,R,V,0.060008
188,R,W,-0.30518
188,R,Y,0.35336
189,Q,*,-1.2804
189,Q,A,-0.12668
189,Q,C,-0.12857
189,Q,D,-1.2558
189,Q,E,-0.064128
189,Q,F,-2.0599
189,Q,G,-0.557
189,Q,I,-0.27177
189,Q,K,-0.32896
189,Q,L,-0.65998
189,Q,M,-0.097687
189,Q,N,-0.063928
189,Q,P,0.069187
189,Q,R,-0.24949
189,Q,S,-0.23464
189,Q,T,0.018818
189,Q,V,-0.22804
189,Q,W,-0.49695
189,Q,Y,-0.57868
190,T,*,-1.7178
190,T,A,0.10957
190,T,C,0.03193
190,T,D,-0.03954
190,T,E,-0.011514
190,T,F,0.042448
190,T,G,-0.33805
190,T,H,0.10295
190,T,I,0.17067
190,T,K,-0.034453
190,T,L,0.20274
190,T,M,0.1973
190,T,N,-0.11574
190,T,P,-0.94301
190,T,Q,0.1601
190,T,R,-0.21828
190,T,S,0.1563
190,T,T,0
190,T,V,-0.26517
190,T,W,-0.0018487
190,T,Y,-0.04601
191,A,*,-0.89631
191,A,A,0
191,A,C,-0.046629
191,A,D,-0.18852
191,A,E,0.094642
191,A,F,0.16209
191,A,G,-0.44419
191,A,H,0.1056
191,A,I,-0.037108
191,A,K,0.087088
191,A,L,0.20191
191,A,M,0.02412
191,A,N,0.079173
191,A,P,0.20924
191,A,Q,0.084679
191,A,R,0.029873
191,A,S,0.2677
191,A,T,0.17039
191,A,V,0.095714
191,A,W,-0.0024494
192,Q,*,-0.93928
192,Q,A,-1.2393
192,Q,C,-0.43315
192,Q,D,-0.60895
192,Q,E,-1.5374
192,Q,F,-0.41351
192,Q,G,-1.3832
192,Q,H,-0.47635
192,Q,I,-0.99463
192,Q,K,-0.72632
192,Q,L,-0.97326
192,Q,M,-0.44164
192,Q,N,-0.66565
192,Q,P,-0.81939
192,Q,Q,0
192,Q,R,-1.2382
192,Q,S,-1.1834
192,Q,T,-0.71942
192,Q,V,-0.61647
192,Q,W,-0.63388
192,Q,Y,-0.62499
193,A,*,-1.0458
193,A,A,0
193,A,C,0.057493
193,A,D,-0.17985
193,A,E,0.097068
193,A,F,0.10706
193,A,G,-0.24061
193,A,H,0.17871
193,A,I,0.12157
193,A,K,0.047914
193,A,L,-0.060895
193,A,M,0.049986
193,A,N,0.26619
193,A,P,0.068842
193,A,Q,0.11242
193,A,R,0.19322
193,A,S,0.047341
193,A,T,0.11304
193,A,V,0.078674
193,A,W,-0.039706
194,A,*,-1.021
194,A,A,0
194,A,C,-0.054508
194,A,D,-0.68219
194,A,E,-0.53079
194,A,F,-0.013196
194,A,G,-0.42717
194,A,H,0.0068445
194,A,I,0.12207
194,A,K,-0.40856
194,A,L,0.065211
194,A,M,0.033683
194,A,N,-0.40026
194,A,P,0.06236
194,A,Q,-0.0085284
194,A,R,-0.76697
194,A,S,-0.16609
194,A,T,-0.14506
194,A,V,0.063987
194,A,W,0.161
194,A,Y,0.1208
195,G,*,-0.62845
195,G,A,0.034091
195,G,C,0.077497
195,G,D,-0.094135
195,G,E,-0.069945
195,G,F,-0.44905
195,G,G,0
195,G,H,0.88055
195,G,I,0.086069
195,G,K,-0.40721
195,G,L,0.050238
195,G,M,0.019392
195,G,N,0.11616
195,G,P,0.11675
195,G,Q,0.012749
195,G,R,0.1067
195,G,S,0.081353
195,G,T,0.021774
195,G,V,-0.060346
195,G,W,-0.020068
195,G,Y,-0.20852
196,T,*,-1.2724
196,T,A,0.046237
196,T,C,0.096879
196,T,E,-0.44581
196,T,G,0.14763
196,T,K,-0.047118
196,T,L,-0.10794
196,T,M,0.037943
196,T,P,0.15694
196,T,Q,-0.17869
196,T,R,0.2132
196,T,S,0.029504
196,T,V,0.1196
196,T,W,-0.040837
197,D,*,-0.99567
197,D,A,-1.3585
197,D,C,-1.5014
197,D,E,-0.61113
197,D,F,-1.0848
197,D,G,-1.8098
197,D,H,-0.60171
197,D,I,-1.5534
197,D,K,-1.6845
197,D,L,-1.3457
197,D,M,-0.79495
197,D,N,-0.16336
197,D,P,-0.97559
197,D,Q,-0.76478
197,D,R,-1.5261
197,D,S,-1.5037
197,D,T,-1.163
197,D,V,-1.748
197,D,W,-1.4328
197,D,Y,-0.93323
198,T,*,-0.7598
198,T,A,0.069316
198,T,C,0.26637
198,T,D,-0.065525
198,T,E,-0.051235
198,T,F,0.20461
198,T,G,0.0090212
198,T,H,0.283
198,T,I,0.15955
198,T,K,-0.24239
198,T,L,0.2341
198,T,M,0.10559
198,T,N,0.08409
198,T,P,-0.3367
198,T,Q,0.021509
198,T,R,0.05502
198,T,S,0.14634
198,T,T,0
198,T,V,0.20429
198,T,W,0.017984
198,T,Y,-0.070967
199,T,*,-0.96781
199,T,A,-0.12347
199,T,C,0.066579
199,T,D,0.045758
199,T,E,-0.011144
199,T,F,0.02603
199,T,G,-0.055997
199,T,H,0.21282
199,T,I,-0.020945
199,T,K,-0.052396
199,T,L,0.19023
199,T,M,0.070845
199,T,N,0.14062
199,T,P,-0.08598
199,T,Q,0.085224
199,T,R,0.19177
199,T,S,-0.018358
199,T,T,0
199,T,V,-0.0011569
199,T,W,0.092208
199,T,Y,-0.075798
200,I,*,-1.1182
200,I,A,-1.682
200,I,C,-0.53966
200,I,D,-0.85509
200,I,E,-1.0615
200,I,F,-0.12709
200,I,G,-1.5283
200,I,H,-0.82475
200,I,K,-0.61611
200,I,L,0.103
200,I,M,0.10849
200,I,N,-1.2281
200,I,P,-1.4359
200,I,Q,-0.9349
200,I,R,-1.6498
200,I,S,-1.8249
200,I,T,-1.4778
200,I,V,-0.13724
200,I,W,0.035843
200,I,Y,-0.52989
201,T,*,-0.64613
201,T,A,0.11556
201,T,C,0.070643
201,T,D,-0.68433
201,T,E,-1.1175
201,T,F,-1.1997
201,T,G,0.21812
201,T,H,-0.80594
201,T,I,-0.50761
201,T,K,-1.098
201,T,L,-0.18653
201,T,M,-0.98186
201,T,N,-1.0648
201,T,P,0.24384
201,T,Q,-0.71965
201,T,R,-1.5627
201,T,S,0.2594
201,T,T,0
201,T,V,-0.18795
201,T,W,-1.5397
201,T,Y,-1.1381
202,V,*,-1.3185
202,V,A,0.095189
202,V,C,0.26079
202,V,D,-0.58828
202,V,E,0.21063
202,V,F,-0.33992
202,V,G,-0.13774
202,V,H,0.028342
202,V,I,-0.015927
202,V,K,0.22177
202,V,L,0.25126
202,V,M,0.26897
202,V,N,0.010469
202,V,P,1.1956
202,V,Q,-0.0072004
202,V,R,-0.47132
202,V,S,0.17472
202,V,T,0.201
202,V,V,0
202,V,W,0.099609
202,V,Y,-0.13281
203,N,*,-1.328
203,N,A,-1.3822
203,N,C,-1.1816
203,N,D,-1.4892
203,N,E,-1.2812
203,N,F,-1.192
203,N,G,-0.56088
203,N,H,-1.4287
203,N,I,-0.62791
203,N,K,-1.0864
203,N,L,-1.3385
203,N,M,-1.5666
203,N,P,-1.1156
203,N,Q,-0.83782
203,N,R,-1.6217
203,N,S,-1.6422
203,N,T,-1.1689
203,N,V,-1.2053
203,N,W,-1.0377
203,N,Y,-0.99213
204,V,*,-1.1188
204,V,A,0.083996
204,V,C,0.15224
204,V,D,-1.2197
204,V,E,-1.1449
204,V,F,-0.95122
204,V,G,-0.6984
204,V,H,-0.69775
204,V,I,0.16812
204,V,K,-0.99789
204,V,L,0.034163
204,V,M,-1.0321
204,V,N,-0.8453
204,V,P,-1.1048
204,V,Q,-0.10071
204,V,R,-1.4327
204,V,S,0.081352
204,V,T,0.1073
204,V,V,0
204,V,W,-1.0373
204,V,Y,-0.63113
205,L,*,-0.79349
205,L,A,0.13031
205,L,C,0.13369
205,L,D,-0.3759
205,L,E,-1.1388
205,L,F,-0.023983
205,L,G,-1.6675
205,L,H,-0.97891
205,L,I,-0.0070731
205,L,K,-1.0949
205,L,L,0
205,L,M,0.58322
205,L,N,-0.72336
205,L,P,-1.1097
205,L,Q,-0.73835
205,L,R,-1.488
205,L,S,-1.4646
205,L,T,0.17731
205,L,V,0.14125
205,L,W,-1.0791
205,L,Y,-0.81204
206,A,*,-0.92491
206,A,A,0
206,A,C,-0.37583
206,A,D,-0.90625
206,A,E,-1.1154
206,A,F,-1.0223
206,A,G,-0.0019772
206,A,H,-0.7773
206,A,I,-0.96124
206,A,K,-1.1892
206,A,L,-2.0255
206,A,M,-1.102
206,A,N,-0.7413
206,A,P,-1.0293
206,A,Q,-1.0484
206,A,R,-1.6431
206,A,S,0.21758
206,A,T,-0.2005
206,A,V,-1.0992
206,A,W,-1.526
206,A,Y,-1.0313
207,W,*,-0.86899
207,W,A,-0.4515
207,W,C,0.047893
207,W,D,-0.40203
207,W,E,-1.3879
207,W,F,0.11443
207,W,G,-0.67718
207,W,H,0.34877
207,W,I,-0.13964
207,W,K,-1.2175
207,W,L,0.13628
207,W,M,-0.50347
207,W,N,-0.82804
207,W,P,-0.92379
207,W,Q,-0.64223
207,W,R,-1.2364
207,W,S,-0.66688
207,W,T,-0.63572
207,W,V,-0.0073502
207,W,Y,0.14386
208,L,A,-0.8412
208,L,C,0.17789
208,L,D,-0.60219
208,L,E,-1.5186
208,L,G,-1.5952
208,L,H,-0.41189
208,L,I,-0.44441
208,L,K,-1.59
208,L,L,0
208,L,N,-0.80631
208,L,P,-1.0187
208,L,Q,-0.32885
208,L,R,-1.257
208,L,S,-1.0667
208,L,T,-0.30936
208,L,V,-0.54262
208,L,Y,-0.96256
209,Y,*,-1.2231
209,Y,A,-1.5188
209,Y,C,-0.70134
209,Y,D,-0.66664
209,Y,E,-0.82978
209,Y,F,-0.12568
209,Y,G,-1.705
209,Y,H,-0.45512
209,Y,I,-0.72168
209,Y,K,-1.1585
209,Y,L,-1.6769
209,Y,M,-0.11217
209,Y,N,-0.4366
209,Y,P,-0.94828
209,Y,Q,-0.65133
209,Y,R,-1.6963
209,Y,S,-1.1565
209,Y,T,-1.666
209,Y,V,-1.8521
209,Y,W,-1.5309
209,Y,Y,0
210,A,*,-0.81241
210,A,A,0
210,A,C,-0.21735
210,A,D,-0.88801
210,A,E,-0.9802
210,A,F,-0.69964
210,A,G,-0.30389
210,A,H,-0.94643
210,A,I,-0.93298
210,A,K,-0.60654
210,A,L,-1.1273
210,A,M,-0.67483
210,A,N,-0.8558
210,A,P,-0.71116
210,A,Q,-0.50919
210,A,R,-1.5989
210,A,S,-0.78882
210,A,T,-0.52196
210,A,V,-0.57665
210,A,W,-1.499
210,A,Y,-0.95889
211,A,*,-0.85188
211,A,A,0
211,A,C,-0.13446
211,A,D,-1.6173
211,A,E,-0.89381
211,A,F,-1.162
211,A,G,-0.049841
211,A,H,-0.044586
211,A,I,-1.148
211,A,K,-0.68913
211,A,L,-0.49704
211,A,M,-0.1756
211,A,N,-0.47047
211,A,P,-0.76706
211,A,Q,-0.53239
211,A,R,-0.56484
211,A,S,0.18012
211,A,T,-0.89156
211,A,V,-1.0039
211,A,W,-1.7208
211,A,Y,-1.5817
212,V,*,-0.94105
212,V,A,0.094453
212,V,C,-0.014707
212,V,D,-0.086105
212,V,E,0.026108
212,V,F,-0.093408
212,V,G,-0.34022
212,V,H,0.014431
212,V,I,-0.00071098
212,V,K,-0.078811
212,V,L,-0.011746
212,V,M,0.059307
212,V,N,-0.014577
212,V,P,-0.84177
212,V,Q,-0.017958
212,V,R,-0.16602
212,V,S,-0.037007
212,V,T,0.056326
212,V,V,0
212,V,W,-0.16826
212,V,Y,-0.0031951
213,I,*,-0.90129
213,I,A,-0.070558
213,I,C,-0.10492
213,I,D,-0.23474
213,I,E,-0.1073
213,I,F,-0.025526
213,I,G,-0.20568
213,I,H,-0.10966
213,I,I,0
213,I,K,-0.082875
213,I,L,0.00052009
213,I,M,-0.1302
213,I,N,-0.018439
213,I,P,-0.63099
213,I,Q,-0.026842
213,I,R,-0.15831
213,I,S,-0.13737
213,I,T,-0.07539
213,I,V,0.0055502
213,I,W,-0.058645
213,I,Y,-0.12889
214,N,*,-1.1242
214,N,A,-0.26839
214,N,C,0.040379
214,N,D,-0.013573
214,N,E,-0.1564
214,N,F,-0.27673
214,N,G,-0.17483
214,N,H,-0.11049
214,N,I,-0.061755
214,N,K,-0.083508
214,N,L,-0.034757
214,N,M,-0.070187
214,N,P,-0.85402
214,N,Q,0.019393
214,N,R,-0.10567
214,N,S,-0.13595
214,N,T,-0.072603
214,N,V,-0.063537
214,N,W,-0.041708
214,N,Y,-0.21935
215,G,*,-1.0488
215,G,A,-0.027765
215,G,C,-0.057432
215,G,D,-0.001418
215,G,E,0.0033379
215,G,F,-0.081264
215,G,G,0
215,G,H,0.0035719
215,G,I,-0.38261
215,G,K,0.035465
215,G,L,-0.17025
215,G,M,0.071072
215,G,N,0.033228
215,G,P,-0.89535
215,G,Q,0.12266
215,G,R,0.063333
215,G,S,-0.084323
215,G,T,0.048803
215,G,V,-0.34685
215,G,W,0.034222
215,G,Y,-0.12546
216,D,*,-1.032
216,D,A,-0.037586
216,D,C,-0.062022
216,D,D,0
216,D,E,0.015265
216,D,F,-0.096174
216,D,G,-0.3103
216,D,I,-0.01818
216,D,K,-0.18079
216,D,L,-0.62587
216,D,M,-0.41361
216,D,N,0.15284
216,D,P,-0.85457
216,D,R,-0.20119
216,D,S,0.10076
216,D,T,0.074149
216,D,V,-0.019291
216,D,W,-0.20281
216,D,Y,-0.027735
217,R,*,-1.2053
217,R,A,0.0074762
217,R,C,0.01263
217,R,D,-0.075178
217,R,E,-0.10447
217,R,F,-0.12451
217,R,G,0.064554
217,R,H,-0.12119
217,R,I,0.071523
217,R,L,-0.044101
217,R,N,-0.23284
217,R,P,0.028113
217,R,Q,-0.025048
217,R,R,0
217,R,S,-0.047222
217,R,T,0.032969
217,R,V,0.038858
217,R,Y,0.11112
218,W,A,-0.054183
218,W,D,0.010735
218,W,E,-0.17457
218,W,F,-0.0048873
218,W,G,-0.053256
218,W,H,0.058602
218,W,I,0.024683
218,W,K,-0.20469
218,W,L,0.032164
218,W,M,-0.10833
218,W,P,-0.2914
218,W,R,-0.0021598
218,W,S,-0.0035101
218,W,T,0.052629
218,W,V,-0.22257
219,F,*,-0.91846
219,F,A,-0.65239
219,F,C,-0.31923
219,F,D,-0.43395
219,F,E,-0.34169
219,F,G,-0.85359
219,F,H,-0.043448
219,F,I,-0.0061205
219,F,K,-0.45312
219,F,L,-0.29779
219,F,M,0.003208
219,F,N,-0.58381
219,F,P,-0.29664
219,F,Q,-0.43057
219,F,R,-0.95288
219,F,S,-0.75043
219,F,T,-0.46825
219,F,V,-0.20077
219,F,W,-0.042159
219,F,Y,-0.11139
220,L,*,-0.56596
220,L,A,0.04713
220,L,C,0.004844
220,L,D,0.057469
220,L,E,0.041238
220,L,F,0.087855
220,L,G,-0.024173
220,L,H,0.035868
220,L,I,0.096471
220,L,K,-0.0055403
220,L,L,0
220,L,M,0.026321
220,L,N,0.08306
220,L,P,-0.17253
220,L,Q,0.086891
220,L,R,0.025115
220,L,S,-0.0042873
220,L,T,-0.013329
220,L,V,-0.055522
220,L,W,0.028201
220,L,Y,-0.02272
221,N,*,-1.0844
221,N,A,0.048525
221,N,C,-0.007589
221,N,D,-0.055018
221,N,E,-0.076659
221,N,F,-0.17236
221,N,G,0.10821
221,N,H,0.10435
221,N,I,-0.015894
221,N,K,0.089576
221,N,L,0.067686
221,N,M,0.069517
221,N,P,0.12272
221,N,Q,0.04567
221,N,R,0.14257
221,N,S,0.00045481
221,N,T,-0.012701
221,N,V,-0.023041
221,N,W,0.042974
221,N,Y,-0.0086216
222,R,*,-1.3649
222,R,A,-0.023596
222,R,C,0.022748
222,R,D,0.03761
222,R,E,-0.044888
222,R,F,-0.1077
222,R,G,-0.098607
222,R,H,-0.012347
222,R,I,-0.015696
222,R,K,-0.18329
222,R,L,-0.032411
222,R,M,0.099888
222,R,N,0.0022466
222,R,P,0.047218
222,R,Q,0.11092
222,R,R,0
222,R,S,-0.0074826
222,R,T,0.012392
222,R,V,-0.14812
222,R,W,0.10224
222,R,Y,-0.036242
223,F,*,-0.92188
223,F,A,0.013458
223,F,C,-0.092877
223,F,D,-0.040285
223,F,E,-0.1101
223,F,G,-0.13419
223,F,H,-0.13186
223,F,I,-0.024045
223,F,K,0.021734
223,F,L,-0.048481
223,F,M,-0.12622
223,F,N,0.025478
223,F,P,-0.019922
223,F,Q,-0.004288
223,F,R,0.015225
223,F,S,0.036003
223,F,T,0.023219
223,F,V,-0.11214
223,F,W,-0.066377
223,F,Y,-0.16286
224,T,*,-0.80661
224,T,A,-0.057859
224,T,C,0.060008
224,T,D,-0.14094
224,T,E,0.011554
224,T,F,-0.023727
224,T,G,-0.17982
224,T,H,-0.054556
224,T,I,-0.12211
224,T,K,-0.074432
224,T,L,-0.024419
224,T,M,0.015858
224,T,N,-0.014082
224,T,P,-0.10662
224,T,Q,-0.054234
224,T,R,0.014561
224,T,S,-0.15736
224,T,T,0
224,T,V,-0.12099
224,T,W,0.0027864
224,T,Y,-0.19848
225,T,*,-0.93757
225,T,A,-0.041913
225,T,C,-0.13074
225,T,D,-0.14612
225,T,E,-0.10998
225,T,F,-0.077897
225,T,G,-0.072639
225,T,H,-0.036438
225,T,I,-0.11471
225,T,K,-0.21189
225,T,L,-0.22495
225,T,M,0.00787
225,T,N,0.063366
225,T,P,-0.034533
225,T,Q,-0.21614
225,T,R,-0.38989
225,T,S,-0.14928
225,T,T,0
225,T,V,-0.19829
225,T,W,-0.069976
225,T,Y,-0.037066
226,T,*,-1.1475
226,T,A,-0.028628
226,T,C,-0.12336
226,T,D,0.051883
226,T,E,0.069621
226,T,F,-0.25106
226,T,G,-0.07946
226,T,H,-0.03242
226,T,I,0.028058
226,T,K,-0.14516
226,T,L,-0.05159
226,T,M,-0.0052044
226,T,N,0.055703
226,T,P,0.024037
226,T,Q,-0.01575
226,T,R,-0.16879
226,T,S,-0.024612
226,T,T,0
226,T,V,0.032555
226,T,W,-0.30854
226,T,Y,-0.011492
227,L,A,0.0035661
227,L,C,-0.10535
227,L,D,-0.15653
227,L,F,-0.15528
227,L,G,-0.002694
227,L,H,0.016373
227,L,I,-0.045072
227,L,L,0
227,L,M,0.047405
227,L,N,-0.14614
227,L,P,-0.061273
227,L,R,0.054449
227,L,S,0.018659
227,L,T,-0.082412
227,L,V,-0.25521
227,L,W,-0.024744
227,L,Y,-0.025114
228,N,*,-0.96479
228,N,A,-0.0021491
228,N,C,-0.015855
228,N,D,0.18501
228,N,E,0.07983
228,N,F,-0.01507
228,N,G,0.071722
228,N,H,0.053768
228,N,I,0.21107
228,N,K,0.10899
228,N,L,-0.10929
228,N,M,0.14344
228,N,P,0.034026
228,N,Q,0.045224
228,N,R,0.052953
228,N,S,0.035257
228,N,T,0.074961
228,N,V,0.14101
228,N,W,0.096625
228,N,Y,-0.15778
229,D,*,-0.93854
229,D,A,-0.013786
229,D,C,0.096721
229,D,D,0
229,D,E,0.16674
229,D,F,-0.176
229,D,G,-0.043093
229,D,H,0.20516
229,D,I,-0.004447
229,D,K,0.13426
229,D,L,0.16593
229,D,M,0.17052
229,D,N,0.18111
229,D,P,-0.0008437
229,D,Q,0.013647
229,D,R,-0.10015
229,D,S,0.094817
229,D,T,0.20331
229,D,V,0.12143
229,D,W,-0.032115
229,D,Y,0.039176
230,F,*,-1.1997
230,F,A,-0.24551
230,F,C,-0.14854
230,F,D,-0.81376
230,F,E,-0.72284
230,F,G,-1.0156
230,F,H,-0.62381
230,F,I,0.075387
230,F,K,-0.71535
230,F,L,0.082488
230,F,M,0.064338
230,F,N,-0.99194
230,F,P,-0.77612
230,F,Q,-0.49669
230,F,R,-0.97692
230,F,S,-1.1671
230,F,T,0.12571
230,F,V,-0.020944
230,F,W,0.082679
230,F,Y,-0.058398
231,N,*,-0.65267
231,N,A,0.076604
231,N,C,-0.017353
231,N,D,0.070456
231,N,E,0.24345
231,N,F,-0.57322
231,N,G,-0.017653
231,N,H,0.24008
231,N,I,-0.067843
231,N,K,0.24607
231,N,L,-0.0013891
231,N,M,0.042373
231,N,P,-0.75531
231,N,Q,0.10121
231,N,R,0.18248
231,N,S,0.17277
231,N,T,0.22561
231,N,V,-0.10082
231,N,W,-0.3678
231,N,Y,-0.10151
232,L,*,-0.71616
232,L,A,0.22026
232,L,C,-0.070397
232,L,D,0.14322
232,L,E,0.14385
232,L,F,0.15856
232,L,G,0.080637
232,L,H,0.017649
232,L,I,0.21611
232,L,K,0.19875
232,L,L,0
232,L,M,0.13165
232,L,N,0.16467
232,L,P,-0.0095362
232,L,Q,0.20769
232,L,R,0.28005
232,L,S,0.35356
232,L,T,0.17044
232,L,V,0.26498
232,L,W,0.19307
232,L,Y,0.385
233,V,*,-1
233,V,A,-0.081159
233,V,C,-0.11498
233,V,D,-0.034872
233,V,E,-0.19753
233,V,F,0.032196
233,V,G,-0.081409
233,V,K,-0.2893
233,V,L,-0.07938
233,V,M,-0.11982
233,V,N,-0.033417
233,V,P,-0.076275
233,V,Q,-0.25296
233,V,R,-0.1635
233,V,S,-0.070412
233,V,T,-0.091389
233,V,V,0
233,V,W,-0.20816
233,V,Y,-0.16134
234,A,*,-1.2795
234,A,A,0
234,A,C,0.14978
234,A,D,-0.57375
234,A,E,-0.98584
234,A,F,-0.0024149
234,A,G,-0.033071
234,A,H,0.11107
234,A,I,0.1536
234,A,K,-0.63274
234,A,L,0.071756
234,A,M,0.16497
234,A,N,0.026644
234,A,P,-0.80965
234,A,Q,-0.13011
234,A,R,0.086478
234,A,S,0.18664
234,A,T,0.1884
234,A,V,0.091261
234,A,W,-0.057368
234,A,Y,0.0080258
235,M,*,-1.0959
235,M,A,0.084956
235,M,C,-0.047153
235,M,D,0.10891
235,M,E,0.064628
235,M,F,0.0007913
235,M,G,-0.041282
235,M,H,0.1584
235,M,I,0.19339
235,M,K,0.080276
235,M,L,0.075311
235,M,N,0.15238
235,M,P,0.16385
235,M,Q,0.048869
235,M,R,0.21402
235,M,S,0.06824
235,M,T,0.085747
235,M,V,-0.0032747
235,M,W,0.12879
235,M,Y,0.079769
236,K,A,0.10495
236,K,C,-0.037921
236,K,D,-0.25616
236,K,F,-0.02694
236,K,G,-0.15145
236,K,H,0.16984
236,K,I,-0.083777
236,K,L,0.12794
236,K,P,0.042054
236,K,R,0.13311
236,K,S,0.11096
236,K,T,0.20366
236,K,V,0.070942
236,K,W,0.1187
236,K,Y,0.04361
237,Y,*,-0.47768
237,Y,A,0.077819
237,Y,C,0.057247
237,Y,D,0.27319
237,Y,E,0.15297
237,Y,F,0.062091
237,Y,G,-0.12849
237,Y,H,0.089769
237,Y,I,0.10844
237,Y,K,-0.075644
237,Y,L,0.17012
237,Y,M,0.29943
237,Y,N,0.27242
237,Y,P,-0.75312
237,Y,Q,0.10421
237,Y,R,0.26353
237,Y,S,0.12022
237,Y,T,0.10893
237,Y,V,0.065326
237,Y,W,0.11184
238,N,*,-1.0666
238,N,A,0.27001
238,N,C,0.084147
238,N,D,0.11255
238,N,E,0.11718
238,N,F,-0.039174
238,N,G,0.13029
238,N,H,1.5272
238,N,I,0.035111
238,N,K,0.073262
238,N,L,0.18956
238,N,M,0.19154
238,N,P,0.19029
238,N,Q,0.13884
238,N,R,0.090627
238,N,S,0.12808
238,N,T,0.21629
238,N,V,-0.046877
238,N,W,0.19463
239,Y,*,-0.99343
239,Y,A,0.027164
239,Y,C,0.058193
239,Y,D,-1.0791
239,Y,E,-0.63106
239,Y,F,0.057605
239,Y,G,0.15965
239,Y,I,0.13904
239,Y,K,-0.27009
239,Y,L,0.10878
239,Y,M,0.10467
239,Y,N,0.17061
239,Y,P,-0.86057
239,Y,Q,0.051553
239,Y,R,-0.82608
239,Y,S,0.17845
239,Y,T,0.22033
239,Y,V,0.078935
239,Y,W,-0.039775
240,E,*,-1.2596
240,E,A,0.035567
240,E,C,0.038799
240,E,D,0.014728
240,E,E,0
240,E,F,-0.041317
240,E,G,-0.15605
240,E,H,-0.015036
240,E,I,-0.044068
240,E,K,0.10641
240,E,L,0.08926
240,E,M,0.01086
240,E,N,0.11529
240,E,P,-0.94824
240,E,Q,-0.11205
240,E,R,-0.03517
240,E,S,-0.0054609
240,E,T,-0.018613
240,E,V,0.0066004
240,E,W,-0.074438
240,E,Y,-0.16933
241,P,*,-1.397
241,P,A,-0.055758
241,P,C,-0.069214
241,P,D,0.091786
241,P,E,0.039946
241,P,F,0.081115
241,P,G,-0.072832
241,P,H,0.089364
241,P,I,0.086933
241,P,K,-0.03333
241,P,L,-0.014256
241,P,M,0.078927
241,P,N,-0.0079093
241,P,P,0
241,P,Q,-0.099225
241,P,R,-0.13233
241,P,S,-0.049057
241,P,T,-0.12751
241,P,V,0.051243
241,P,W,-0.10809
241,P,Y,0.069264
242,L,*,-0.95847
242,L,A,-0.084443
242,L,C,-0.018625
242,L,D,-0.76277
242,L,E,-1.1113
242,L,F,-0.021608
242,L,G,-1.2055
242,L,H,-0.65539
242,L,I,-0.01263
242,L,K,-0.84288
242,L,L,0
242,L,M,-0.23348
242,L,N,-0.69336
242,L,P,-0.8309
242,L,Q,-1.2941
242,L,R,-1.2183
242,L,S,-1.1728
242,L,T,-0.23968
242,L,V,-0.097165
242,L,W,-1.0995
242,L,Y,-0.96992
243,T,*,-1.4217
243,T,A,-0.21421
243,T,C,0.12272
243,T,E,-0.077053
243,T,F,0.033352
243,T,G,-0.092213
243,T,H,0.085551
243,T,K,-0.073519
243,T,L,-0.04695
243,T,M,-0.045118
243,T,N,0.2505
243,T,P,-0.036641
243,T,Q,-0.093693
243,T,R,-0.19886
243,T,S,-0.028553
243,T,T,0
243,T,V,0.067791
243,T,W,0.017026
243,T,Y,0.14425
244,Q,*,-0.99142
244,Q,A,0.061964
244,Q,E,0.017238
244,Q,F,0.16757
244,Q,G,0.26504
244,Q,L,0.25338
244,Q,M,0.12266
244,Q,P,0.086199
244,Q,R,0.21163
244,Q,S,0.88504
244,Q,V,0.087583
244,Q,W,0.03403
244,Q,Y,0.63646
245,D,*,-0.41978
245,D,A,1.4532
245,D,C,-0.024378
245,D,E,0.13039
245,D,F,0.096709
245,D,G,0.086978
245,D,I,0.15792
245,D,K,-0.075931
245,D,L,0.19709
245,D,M,0.098075
245,D,N,0.063021
245,D,P,0.76326
245,D,Q,0.034838
245,D,R,0.083772
245,D,S,0.12467
245,D,T,0.096908
245,D,V,0.12292
245,D,Y,0.080965
246,H,*,-0.71375
246,H,A,0.14929
246,H,E,0.51286
246,H,F,0.092356
246,H,G,0.096467
246,H,K,0.090747
246,H,M,0.75171
246,H,P,-0.060523
246,H,R,0.14207
246,H,S,0.041262
246,H,T,0.27521
246,H,V,0.2255
246,H,W,-0.11259
246,H,Y,0.10159
247,V,*,-1.0546
247,V,A,-0.051156
247,V,C,0.14991
247,V,D,-0.099993
247,V,E,-0.058355
247,V,F,0.13989
247,V,G,-0.11856
247,V,H,0.051647
247,V,K,-0.19124
247,V,L,0.13752
247,V,N,0.0071313
247,V,P,-0.41223
247,V,Q,0.040672
247,V,R,0.030792
247,V,S,-0.00026477
247,V,T,0.15197
247,V,V,0
247,V,W,-0.19548
247,V,Y,0.024832
248,D,*,-1.7299
248,D,A,0.049381
248,D,C,0.10203
248,D,D,0
248,D,E,-0.26416
248,D,F,0.15449
248,D,G,-0.1407
248,D,H,0.13055
248,D,I,0.15537
248,D,K,0.19549
248,D,L,0.17626
248,D,M,0.024484
248,D,N,0.082496
248,D,P,0.23432
248,D,Q,-0.13693
248,D,R,0.0035751
248,D,S,0.16277
248,D,T,-0.013243
248,D,V,0.1711
248,D,W,-0.0023645
248,D,Y,0.95578
249,I,*,-0.88705
249,I,A,-0.029474
249,I,C,-0.21453
249,I,D,0.15543
249,I,E,0.07614
249,I,F,0.6825
249,I,G,0.057699
249,I,H,0.12181
249,I,K,0.063053
249,I,L,0.26557
249,I,M,-0.14069
249,I,N,0.052739
249,I,P,-0.0012021
249,I,Q,-0.016507
249,I,R,0.1191
249,I,S,0.095119
249,I,T,0.42317
249,I,V,0.22645
249,I,W,-0.14446
249,I,Y,0.044059
250,L,*,-0.81777
250,L,A,-1.1047
250,L,C,-0.013732
250,L,D,-0.34523
250,L,E,-0.97424
250,L,G,-1.2941
250,L,H,-0.78872
250,L,I,-0.011617
250,L,K,-1.0289
250,L,L,0
250,L,M,0.064876
250,L,N,-0.61396
250,L,P,-0.70971
250,L,Q,-0.89625
250,L,R,-1.1553
250,L,S,-0.97044
250,L,T,-0.87862
250,L,V,-0.065912
250,L,W,-1.1009
250,L,Y,-0.33139
251,G,*,-0.85695
251,G,A,0.082716
251,G,C,0.059718
251,G,D,0.12804
251,G,E,0.024511
251,G,F,0.038227
251,G,G,0
251,G,K,0.047112
251,G,L,0.24379
251,G,M,0.15601
251,G,N,0.038963
251,G,P,-1.2708
251,G,R,0.042503
251,G,S,0.070658
251,G,V,0.033884
251,G,W,-0.0059025
252,P,*,-0.82947
252,P,A,0.17727
252,P,D,0.01608
252,P,G,0.0095668
252,P,H,-0.067532
252,P,K,0.32886
252,P,L,0.4073
252,P,M,0.074109
252,P,N,0.23853
252,P,R,0.1054
252,P,S,0.067357
252,P,T,0.81996
252,P,V,0.27116
253,L,A,-0.32958
253,L,C,0.12687
253,L,D,-0.99616
253,L,E,-0.55141
253,L,F,0.054116
253,L,G,-1.2408
253,L,H,0.034956
253,L,I,0.038072
253,L,K,-1.0885
253,L,L,0
253,L,M,0.072348
253,L,N,-0.78881
253,L,P,-0.30434
253,L,R,-0.74647
253,L,S,-0.83666
253,L,T,-0.43986
253,L,V,-0.0012601
253,L,W,-0.90257
254,S,*,-1.0774
254,S,A,0.0007328
254,S,C,0.06278
254,S,D,-0.13816
254,S,E,0.02028
254,S,F,-0.06699
254,S,G,0.081641
254,S,H,0.11622
254,S,I,0.033527
254,S,K,0.088547
254,S,L,0.034697
254,S,M,0.24567
254,S,N,0.093572
254,S,P,-0.019525
254,S,Q,-0.043504
254,S,R,0.1534
254,S,S,0
254,S,T,0.71485
254,S,V,-0.0015942
254,S,W,0.16507
254,S,Y,-0.12224
255,A,*,-1.0647
255,A,A,0
255,A,D,0.022011
255,A,E,0.069416
255,A,G,0.066505
255,A,I,0.71087
255,A,L,0.20884
255,A,N,0.18096
255,A,P,-0.9871
255,A,R,0.24987
255,A,S,0.043349
255,A,V,0.060219
255,A,W,0.067874
255,A,Y,-0.11067
256,Q,*,-0.97653
256,Q,A,0.092167
256,Q,C,0.3075
256,Q,D,0.93014
256,Q,E,-0.1303
256,Q,G,0.013227
256,Q,K,0.28852
256,Q,M,0.34486
256,Q,N,0.1018
256,Q,P,0.12305
256,Q,R,0.062538
256,Q,S,0.028074
256,Q,T,0.22072
256,Q,V,0.25195
256,Q,Y,0.12747
257,T,*,-1.1588
257,T,A,-0.055072
257,T,C,-0.003171
257,T,D,-0.99965
257,T,F,-0.95912
257,T,G,-0.23612
257,T,H,-0.31106
257,T,I,-0.074029
257,T,K,-0.8306
257,T,L,-0.035764
257,T,M,-0.17319
257,T,N,-0.10072
257,T,P,-0.98255
257,T,Q,-0.01834
257,T,R,-1.1498
257,T,S,-0.031401
257,T,T,0
257,T,V,0.014357
257,T,W,-0.88864
257,T,Y,-0.62874
258,G,*,-1.1766
258,G,A,0.094547
258,G,C,-0.040059
258,G,D,-0.046035
258,G,E,0.041774
258,G,F,-0.19547
258,G,G,0
258,G,H,0.10809
258,G,I,-1.0058
258,G,K,0.049025
258,G,L,-0.74864
258,G,M,-0.054848
258,G,N,-0.015109
258,G,P,-0.49608
258,G,Q,0.031434
258,G,R,-0.07169
258,G,S,0.0017034
258,G,T,0.11191
258,G,V,-1.2333
258,G,W,-0.95394
258,G,Y,-0.21619
259,I,*,-0.88883
259,I,A,-0.44536
259,I,C,-0.084074
259,I,D,-1.0317
259,I,E,-0.16638
259,I,F,0.096225
259,I,G,-1.1946
259,I,H,-0.01151
259,I,K,-0.5255
259,I,L,-0.029433
259,I,M,0.066288
259,I,N,-0.55533
259,I,P,-0.77733
259,I,Q,-0.04644
259,I,R,-0.73335
259,I,S,-0.77408
259,I,T,0.20318
259,I,V,-0.0039272
259,I,W,-0.014352
259,I,Y,0.037633
260,A,*,-1.1155
260,A,A,0
260,A,C,0.038612
260,A,D,-0.096437
260,A,E,-0.089231
260,A,F,0.078508
260,A,G,-0.09684
260,A,H,0.079531
260,A,I,0.070248
260,A,K,0.11058
260,A,L,0.10777
260,A,M,0.15105
260,A,N,0.17641
260,A,P,0.1535
260,A,Q,0.0049447
260,A,R,-0.029108
260,A,S,0.018158
260,A,T,0.067919
260,A,V,-0.025184
260,A,W,-0.0071791
260,A,Y,0.13208
261,V,*,-0.96187
261,V,A,0.067587
261,V,C,-0.27981
261,V,D,-0.78513
261,V,E,0.023795
261,V,F,-0.15179
261,V,G,-0.29171
261,V,H,-0.477
261,V,I,-0.060618
261,V,K,-0.84747
261,V,L,-0.046033
261,V,M,-0.0568
261,V,N,-0.69554
261,V,P,0.23824
261,V,Q,0.10746
261,V,R,-0.9997
261,V,S,-0.054023
261,V,T,0.070185
261,V,V,0
261,V,W,-0.45378
261,V,Y,-0.067386
262,L,*,-1.3011
262,L,A,-0.035845
262,L,C,-0.063856
262,L,D,0.017953
262,L,E,-0.0057964
262,L,F,-0.14
262,L,G,-0.11723
262,L,H,0.085579
262,L,I,0.10567
262,L,K,-0.061836
262,L,L,0
262,L,M,0.0078714
262,L,N,-0.18022
262,L,P,0.17158
262,L,Q,-0.034384
262,L,R,0.080835
262,L,S,0.047133
262,L,T,0.11604
262,L,V,-0.076777
262,L,W,0.018907
262,L,Y,0.014811
263,D,*,-0.91894
263,D,A,-0.084963
263,D,C,-0.0064853
263,D,D,0
263,D,E,-0.24078
263,D,F,-0.26759
263,D,G,-0.054999
263,D,H,0.035231
263,D,I,0.09926
263,D,K,0.062243
263,D,L,0.0080862
263,D,M,0.1377
263,D,N,-0.048076
263,D,P,0.039784
263,D,Q,0.12118
263,D,R,0.10302
263,D,S,0.1486
263,D,T,-0.018428
263,D,V,0.015312
263,D,W,-0.061872
263,D,Y,0.090882
264,M,*,-0.78308
264,M,A,0.0033024
264,M,C,-0.15857
264,M,D,-0.88501
264,M,E,-0.69093
264,M,F,-0.41663
264,M,G,-1.2955
264,M,H,-0.69394
264,M,I,-0.00034892
264,M,K,-1.5079
264,M,L,0.11607
264,M,N,-0.61329
264,M,P,-0.42956
264,M,Q,0.026292
264,M,R,-1.2806
264,M,S,-1.352
264,M,T,-0.61709
264,M,V,0.13812
264,M,W,-1.0872
264,M,Y,-0.88821
265,C,*,-1.0775
265,C,A,0.059489
265,C,D,-0.83005
265,C,E,-0.81823
265,C,F,-0.68247
265,C,G,0.062762
265,C,H,-0.44349
265,C,I,0.14957
265,C,K,-0.19165
265,C,L,0.16602
265,C,M,0.064185
265,C,N,-0.64436
265,C,P,-0.54048
265,C,Q,-0.2371
265,C,R,-1.1383
265,C,S,0.073547
265,C,T,0.10536
265,C,V,0.10453
265,C,W,-1.1515
265,C,Y,-0.57047
266,A,*,-0.82668
266,A,A,0
266,A,C,0.034285
266,A,D,0.053968
266,A,E,0.085774
266,A,F,0.20663
266,A,G,-0.066967
266,A,H,-0.13607
266,A,I,-0.094462
266,A,K,0.11112
266,A,L,0.11945
266,A,M,0.10705
266,A,N,0.063346
266,A,P,-1.0012
266,A,Q,0.045362
266,A,R,0.33253
266,A,S,0.1912
266,A,T,0.30986
266,A,V,-0.21592
266,A,W,0.1136
266,A,Y,0.0095302
267,S,*,-0.82823
267,S,A,0.2246
267,S,C,-0.030781
267,S,D,0.11446
267,S,E,-0.029624
267,S,F,0.032797
267,S,G,0.050723
267,S,H,0.11795
267,S,I,-0.10202
267,S,K,-0.41425
267,S,L,-0.18931
267,S,M,0.12509
267,S,N,-0.18499
267,S,P,-0.27547
267,S,Q,0.10494
267,S,R,-0.42022
267,S,S,0
267,S,T,0.18842
267,S,V,0.099067
267,S,W,-0.43032
267,S,Y,0.068407
268,L,*,-0.947
268,L,A,0.25935
268,L,C,0.058355
268,L,D,-1.1498
268,L,E,-0.65927
268,L,F,-0.051002
268,L,G,-1.004
268,L,H,-0.65626
268,L,I,0.061706
268,L,K,-0.51006
268,L,L,0
268,L,M,0.051707
268,L,N,-0.49358
268,L,P,-0.48902
268,L,Q,-1.0326
268,L,R,-1.2164
268,L,S,-1.2195
268,L,T,-0.061156
268,L,V,-0.020225
268,L,W,-0.90011
268,L,Y,-0.75331
269,K,*,-0.68582
269,K,A,0.14385
269,K,C,-0.014449
269,K,D,0.03752
269,K,E,0.077002
269,K,F,0.03996
269,K,G,0.083164
269,K,H,0.13607
269,K,I,0.021109
269,K,K,0
269,K,L,0.12373
269,K,M,-0.0056278
269,K,N,0.14832
269,K,P,-0.4014
269,K,Q,0.20184
269,K,R,0.13993
269,K,S,0.13084
269,K,T,0.18332
269,K,V,0.1358
269,K,W,-0.083833
269,K,Y,-0.036251
270,E,*,-0.62638
270,E,A,-0.032528
270,E,C,0.1724
270,E,D,0.22219
270,E,E,0
270,E,F,-0.10679
270,E,G,-0.07675
270,E,H,0.39985
270,E,I,-0.02583
270,E,K,0.046956
270,E,L,0.28472
270,E,M,0.33073
270,E,N,0.037381
270,E,P,0.095131
270,E,Q,0.22516
270,E,R,0.13092
270,E,S,0.12143
270,E,T,0.1549
270,E,V,0.046855
270,E,W,0.044556
270,E,Y,0.13353
271,L,*,-1.4017
271,L,A,-0.66182
271,L,C,-0.023872
271,L,D,-0.76899
271,L,E,-1.5095
271,L,F,-0.20328
271,L,G,-1.8412
271,L,H,-0.46076
271,L,I,-0.15621
271,L,K,-0.71654
271,L,L,0
271,L,M,-0.030773
271,L,N,-1.0214
271,L,P,-1.1183
271,L,Q,-0.77049
271,L,R,-0.53235
271,L,S,-1.1255
271,L,T,0.041732
271,L,V,-0.28705
271,L,W,-1.283
271,L,Y,-1.0375
272,L,*,-1.4608
272,L,A,-0.011472
272,L,C,-0.02287
272,L,D,-1.2148
272,L,E,-0.74836
272,L,F,-0.24763
272,L,G,-1.0242
272,L,H,-0.56297
272,L,I,0.3028
272,L,K,-0.60174
272,L,L,0
272,L,M,0.01343
272,L,N,-0.93146
272,L,P,-1.5182
272,L,Q,0.007334
272,L,R,-1.0821
272,L,S,-0.26293
272,L,T,0.13075
272,L,V,-0.039146
272,L,W,-0.19271
272,L,Y,-0.20497
273,Q,*,-1.048
273,Q,A,-0.35391
273,Q,C,-0.056614
273,Q,D,0.014225
273,Q,E,-0.18897
273,Q,F,-0.093817
273,Q,G,-0.43483
273,Q,I,0.02937
273,Q,K,-0.0032672
273,Q,L,-0.10655
273,Q,M,0.09746
273,Q,N,0.016526
273,Q,P,-0.13959
273,Q,R,-0.20638
273,Q,S,-0.20739
273,Q,T,0.04379
273,Q,V,-0.077215
273,Q,W,-0.17397
273,Q,Y,0.00034017
274,N,*,-0.69752
274,N,A,-0.032906
274,N,C,0.0066556
274,N,E,-0.1702
274,N,F,0.24322
274,N,G,0.079532
274,N,K,0.084177
274,N,L,0.051012
274,N,M,0.07828
274,N,Q,0.19726
274,N,R,0.15558
274,N,S,0.11348
274,N,T,0.19645
274,N,V,0.023332
274,N,W,0.047213
275,G,A,0.14087
275,G,F,-0.43497
275,G,L,-0.65509
275,G,M,-0.55933
275,G,N,0.87022
275,G,R,-0.14423
275,G,S,0.04374
275,G,V,-0.57607
275,G,W,-0.31583
275,G,Y,0.01039
276,M,*,-0.94154
276,M,A,0.069619
276,M,C,0.023478
276,M,D,0.10861
276,M,G,-0.022498
276,M,H,0.83829
276,M,I,0.071001
276,M,K,0.07175
276,M,L,0.074162
276,M,P,0.067044
276,M,R,0.086278
276,M,S,0.071493
276,M,T,0.30835
276,M,V,-0.051467
276,M,W,0.0084682
277,N,A,0.16255
277,N,C,0.065689
277,N,E,0.023177
277,N,G,-0.014138
277,N,H,0.93349
277,N,L,0.022256
277,N,M,0.23478
277,N,P,0.7928
277,N,V,0.19994
278,G,*,-0.87676
278,G,A,0.035584
278,G,C,0.070795
278,G,D,-0.0023043
278,G,E,0.041209
278,G,F,-0.20497
278,G,G,0
278,G,I,-0.26624
278,G,L,-0.0064553
278,G,N,-0.30325
278,G,P,0.15251
278,G,Q,0.15818
278,G,R,0.090281
278,G,S,-0.048908
278,G,T,0.0044433
278,G,V,0.01444
278,G,W,-0.46706
278,G,Y,0.043256
279,R,*,-1.3127
279,R,A,0.19021
279,R,C,0.096544
279,R,D,0.087388
279,R,E,-0.14747
279,R,G,-0.013659
279,R,I,0.046333
279,R,K,-0.084449
279,R,L,-0.0063701
279,R,N,1.5388
279,R,P,0.046142
279,R,Q,0.018178
279,R,R,0
279,R,S,-0.052337
279,R,T,0.061698
279,R,V,0.038159
279,R,W,-0.17665
280,T,*,-0.63103
280,T,A,0.18262
280,T,C,0.079563
280,T,D,0.065028
280,T,E,-0.27677
280,T,F,0.19295
280,T,G,-0.21202
280,T,H,-0.016996
280,T,I,0.060865
280,T,K,0.1163
280,T,L,0.026023
280,T,M,0.069241
280,T,N,0.12252
280,T,P,0.1374
280,T,Q,-0.013242
280,T,R,0.10427
280,T,S,-0.028115
280,T,T,0
280,T,V,0.012254
280,T,W,-0.0044517
280,T,Y,-0.47348
281,I,*,-0.90533
281,I,A,-0.46129
281,I,C,-0.44629
281,I,D,-1.2536
281,I,E,-0.9233
281,I,F,-0.51543
281,I,G,-1.1518
281,I,H,-0.53868
281,I,I,0
281,I,K,-0.47385
281,I,L,-0.077677
281,I,M,-0.29137
281,I,N,-0.66409
281,I,P,-0.49848
281,I,Q,-0.71817
281,I,R,-1.0376
281,I,S,-0.87881
281,I,T,-0.6421
281,I,V,-0.064401
281,I,W,-0.41326
281,I,Y,-0.98198
282,L,*,-0.81713
282,L,A,-0.46798
282,L,C,-0.24063
282,L,D,-0.6276
282,L,E,-0.91222
282,L,F,-0.46306
282,L,G,-0.44067
282,L,K,-1.0215
282,L,L,0
282,L,M,0.037697
282,L,R,-1.091
282,L,S,-0.63373
282,L,T,-0.43296
282,L,V,-0.04809
282,L,Y,-0.73901
283,G,A,-0.0090409
283,G,C,0.050089
283,G,E,0.13053
283,G,F,0.12882
283,G,G,0
283,G,H,0.12298
283,G,I,-0.24481
283,G,L,0.13144
283,G,P,-0.59096
283,G,R,0.04905
283,G,S,0.86687
283,G,V,-0.50833
283,G,W,0.15171
283,G,Y,0.13203
284,S,*,-1.1667
284,S,A,0.25114
284,S,E,0.75847
284,S,F,0.039453
284,S,G,-0.049043
284,S,I,0.099281
284,S,L,0.051417
284,S,P,0.027887
284,S,R,0.12954
284,S,S,0
284,S,T,0.12226
284,S,V,0.093408
284,S,W,-0.12193
284,S,Y,0.45686
285,A,A,0
285,A,E,0.018134
285,A,F,0.13374
285,A,G,0.089425
285,A,I,0.093837
285,A,K,-0.018559
285,A,L,0.23124
285,A,N,0.021456
285,A,R,-0.24404
285,A,S,0.062914
285,A,V,0.15754
285,A,W,-0.016567
286,L,*,-1.3048
286,L,A,-0.14544
286,L,C,0.08071
286,L,D,-0.15123
286,L,E,-0.11944
286,L,F,-0.15055
286,L,G,-0.19026
286,L,H,0.15162
286,L,I,0.022844
286,L,K,-0.22682
286,L,L,0
286,L,M,-0.11566
286,L,N,-0.32094
286,L,P,0.13295
286,L,Q,0.041911
286,L,R,-0.45441
286,L,S,0.057144
286,L,T,0.12361
286,L,V,-0.14654
286,L,W,-0.36252
286,L,Y,-0.029299
287,L,*,-1.2985
287,L,A,0.16811
287,L,C,-0.15528
287,L,D,-0.37371
287,L,E,-0.069701
287,L,F,-0.021727
287,L,G,-0.12271
287,L,I,0.0084603
287,L,K,-0.54432
287,L,L,0
287,L,M,0.01641
287,L,N,-0.13628
287,L,P,0.17781
287,L,Q,-0.059545
287,L,R,-0.39679
287,L,S,-0.030116
287,L,T,0.15549
287,L,V,-0.069996
287,L,W,-0.1122
287,L,Y,0.094813
288,E,*,-1.4674
288,E,A,-1.3055
288,E,C,-1.2644
288,E,D,-0.16404
288,E,E,0
288,E,F,-1.182
288,E,G,-1.4453
288,E,H,-1.142
288,E,I,-1.337
288,E,K,-1.258
288,E,L,-1.5312
288,E,M,-1.5221
288,E,N,-1.2622
288,E,P,-1.3782
288,E,Q,-0.91683
288,E,R,-1.4828
288,E,S,-1.5287
288,E,T,-1.3657
288,E,V,-1.3563
288,E,W,-1.2862
288,E,Y,-1.0283
289,D,*,-1.2806
289,D,A,-1.2766
289,D,C,-1.2044
289,D,E,-0.97084
289,D,F,-1.1094
289,D,G,-1.6174
289,D,H,-1.1558
289,D,I,-1.323
289,D,K,-1.2268
289,D,L,-1.4458
289,D,M,-1.3765
289,D,N,-0.96186
289,D,P,-1.3054
289,D,Q,-1.3606
289,D,R,-1.5953
289,D,S,-1.4854
289,D,T,-1.3878
289,D,V,-1.4692
289,D,W,-1.2582
289,D,Y,-1.1143
290,E,*,-0.98553
290,E,A,-1.2045
290,E,C,-1.288
290,E,D,-1.0702
290,E,E,0
290,E,F,-0.86772
290,E,G,-1.5614
290,E,H,-0.89464
290,E,I,-1.4574
290,E,K,-1.0187
290,E,L,-1.3045
290,E,M,-1.3008
290,E,N,-0.83099
290,E,P,-0.38199
290,E,Q,-0.96031
290,E,R,-1.3857
290,E,S,-1.5054
290,E,T,-1.5041
290,E,V,-1.4053
290,E,W,-1.5913
290,E,Y,-0.96577
291,F,*,-1.0904
291,F,A,0.094412
291,F,C,-0.24477
291,F,D,-1.0454
291,F,E,-0.52604
291,F,G,-1.1129
291,F,H,-0.57181
291,F,I,-0.036808
291,F,K,-1.3944
291,F,L,-0.21273
291,F,M,-0.31526
291,F,N,-0.15832
291,F,P,-1.4022
291,F,Q,-0.036887
291,F,R,-1.5585
291,F,S,-0.46947
291,F,T,-0.017098
291,F,V,-0.068075
291,F,W,-0.10372
291,F,Y,-0.3166
292,T,*,-1.1733
292,T,A,-0.047465
292,T,C,0.12138
292,T,D,-0.16326
292,T,E,-0.45789
292,T,F,-0.83507
292,T,G,-0.17255
292,T,H,0.023511
292,T,I,-0.72756
292,T,K,-1.1921
292,T,L,-1.3145
292,T,M,0.032852
292,T,N,-0.051075
292,T,P,-0.99329
292,T,Q,-0.18426
292,T,R,-1.1461
292,T,S,-0.075393
292,T,T,0
292,T,V,-0.89444
292,T,W,-0.74765
292,T,Y,-0.25831
293,P,*,-0.98496
293,P,A,-0.18868
293,P,C,-0.11346
293,P,D,-0.62882
293,P,E,-0.36458
293,P,F,-0.056688
293,P,G,-0.46854
293,P,H,-0.16912
293,P,I,-0.25884
293,P,K,-0.061926
293,P,L,-0.016959
293,P,M,0.088224
293,P,N,0.02671
293,P,P,0
293,P,Q,-0.29999
293,P,R,-0.72199
293,P,S,0.16863
293,P,T,0.066683
293,P,V,0.092474
293,P,W,-0.027366
293,P,Y,-0.027641
294,F,*,-1.0037
294,F,A,0.29884
294,F,C,0.011029
294,F,D,0.0057997
294,F,E,-0.26772
294,F,G,-0.041962
294,F,H,0.10183
294,F,I,-0.42838
294,F,K,0.32726
294,F,L,0.20554
294,F,M,0.041929
294,F,N,-0.0031249
294,F,P,0.025673
294,F,Q,0.03957
294,F,R,-0.085751
294,F,S,0.061841
294,F,T,0.17452
294,F,V,0.0015446
294,F,W,-0.31589
294,F,Y,-0.049203
295,D,*,-0.76868
295,D,A,-1.2097
295,D,C,-0.1482
295,D,E,-1.0881
295,D,F,-0.65365
295,D,G,-1.2859
295,D,H,-0.81051
295,D,I,-0.65158
295,D,K,-0.19051
295,D,L,-0.69938
295,D,M,-0.77282
295,D,N,-1.1402
295,D,P,-0.933
295,D,Q,-0.51868
295,D,R,-0.95695
295,D,S,-0.66827
295,D,T,-0.94166
295,D,V,-1.3899
295,D,W,-1.0521
295,D,Y,-0.99697
296,V,*,-0.98183
296,V,A,-0.68315
296,V,C,-0.33479
296,V,D,-0.90221
296,V,E,-1.0978
296,V,F,-0.7059
296,V,G,-1.3619
296,V,H,-0.21426
296,V,I,0.13787
296,V,K,-1.3041
296,V,L,-0.035038
296,V,M,-0.83812
296,V,N,-0.58512
296,V,P,-0.31494
296,V,Q,-0.87698
296,V,R,-0.63924
296,V,S,-0.85326
296,V,T,0.036862
296,V,V,0
296,V,W,-0.71351
296,V,Y,-0.09537
297,V,*,-1.0518
297,V,A,-0.16221
297,V,C,-0.053178
297,V,D,-0.15788
297,V,E,-0.19184
297,V,F,0.11137
297,V,G,-0.17347
297,V,H,-0.19258
297,V,I,-0.025486
297,V,K,-0.068182
297,V,L,0.099072
297,V,M,-0.0024058
297,V,N,0.21955
297,V,P,-0.089838
297,V,Q,0.07252
297,V,R,0.080961
297,V,S,0.055429
297,V,T,0.16941
297,V,V,0
297,V,W,-0.088589
297,V,Y,-0.08721
298,R,*,-0.21167
298,R,A,-0.31987
298,R,C,-0.47257
298,R,D,-1.1251
298,R,E,-0.21736
298,R,F,-0.17516
298,R,G,-1.2183
298,R,H,0.11239
298,R,I,-0.68514
298,R,K,-0.051628
298,R,L,-0.32464
298,R,M,-0.1153
298,R,N,-0.10063
298,R,P,-0.50259
298,R,Q,-0.21739
298,R,R,0
298,R,S,-0.54068
298,R,T,-0.25136
298,R,V,-0.73833
298,R,W,-0.037546
298,R,Y,-0.024211
299,Q,*,-1.8254
299,Q,A,-2.9694
299,Q,C,-2.754
299,Q,D,-3.1337
299,Q,E,-4.2417
299,Q,F,-1.7196
299,Q,G,-4.1258
299,Q,I,-0.9536
299,Q,K,-3.8666
299,Q,L,-1.8557
299,Q,M,-1.9256
299,Q,N,-0.97593
299,Q,P,-4.0039
299,Q,R,-3.2049
299,Q,S,-3.3599
299,Q,T,-1.915
299,Q,V,-1.8944
299,Q,W,-2.5787
299,Q,Y,-2.139
300,C,*,-3.075
300,C,A,1.0967
300,C,C,0
300,C,D,-1.65
300,C,E,-2.3336
300,C,F,-0.60935
300,C,G,-1.3624
300,C,K,0.068467
300,C,L,-0.18698
300,C,M,2.4128
300,C,P,-1.9631
300,C,R,-0.63313
300,C,S,0.83764
300,C,T,0.66194
300,C,V,-0.52063
300,C,W,-1.901
300,C,Y,-0.82564
301,S,*,-0.82082
301,S,A,0.17919
301,S,C,-0.7312
301,S,D,0.27002
301,S,E,-0.12808
301,S,F,-0.40401
301,S,G,-0.45558
301,S,I,-0.61666
301,S,K,0.30293
301,S,L,0.93959
301,S,N,0.9548
301,S,P,0.29986
301,S,Q,0.31106
301,S,R,0.3497
301,S,S,0
301,S,T,0.79174
301,S,V,0.43999
301,S,W,0.952
302,G,*,-0.083133
302,G,A,0.064814
302,G,C,-0.64183
302,G,D,-0.31435
302,G,E,-1.2693
302,G,F,0.13283
302,G,G,0
302,G,K,0.3286
302,G,L,0.32897
302,G,M,0.77518
302,G,N,0.68713
302,G,P,0.35865
302,G,Q,0.17865
302,G,R,0.25934
302,G,S,-0.37641
302,G,T,0.33083
302,G,V,-0.27839
302,G,W,-0.36693
302,G,Y,0.31069
303,V,*,0.023524
303,V,A,0.13883
303,V,C,-0.030494
303,V,D,-0.36951
303,V,E,-0.35156
303,V,G,-0.19738
303,V,K,2.7524
303,V,L,1.0419
303,V,N,0.90525
303,V,P,0.72962
303,V,Q,0.23021
303,V,R,-0.19171
303,V,S,0.2252
303,V,T,0.24126
303,V,V,0
303,V,W,-0.63336
304,T,*,-0.36333
304,T,A,-0.43666
304,T,C,0.015367
304,T,D,-0.57103
304,T,E,-0.36904
304,T,F,0.071315
304,T,G,-0.34996
304,T,H,0.23367
304,T,K,-0.1916
304,T,L,-0.21088
304,T,M,-0.001183
304,T,P,-0.28556
304,T,R,-0.44907
304,T,S,-0.10245
304,T,T,0
304,T,V,0.094311
304,T,W,0.19641
304,T,Y,0.15484
305,F,*,-1.7926
305,F,A,-0.95646
305,F,C,-0.25777
305,F,D,-0.39737
305,F,E,-1.0325
305,F,F,0
305,F,G,-1.4808
305,F,I,-0.58106
305,F,K,-0.57808
305,F,L,-0.33408
305,F,M,-0.43164
305,F,N,-0.065507
305,F,P,0.37374
305,F,Q,0.11749
305,F,R,-0.56843
305,F,S,-1.065
305,F,T,0.39853
305,F,V,-0.46191
305,F,W,-0.21234
305,F,Y,-0.79489
306,Q,*,-0.063256
306,Q,A,0.58946
306,Q,C,0.11595
306,Q,D,-0.26775
306,Q,E,-0.22497
306,Q,F,-0.64164
306,Q,G,-0.2351
306,Q,H,0.33837
306,Q,I,-0.53434
306,Q,K,0.24326
306,Q,L,0.88986
306,Q,M,0.43239
306,Q,N,0.21437
306,Q,P,0.60465
306,Q,R,-0.010467
306,Q,S,1.172
306,Q,T,0.40667
306,Q,V,0.057967
306,Q,W,-0.30149
306,Q,Y,0.55111
