clade,mut_type,count,total_count,fraction,parent_nt,parent_nt_frac,rate
20A,AtoC,285,17349,0.016427,A,0.28956,0.056732
20A,AtoG,1639,17349,0.094472,A,0.28956,0.32626
20A,AtoT,531,17349,0.030607,A,0.28956,0.1057
20A,CtoA,349,17349,0.020116,C,0.13513,0.14887
20A,CtoG,127,17349,0.0073203,C,0.13513,0.054173
20A,CtoT,7184,17349,0.41409,C,0.13513,3.0644
20A,GtoA,816,17349,0.047034,G,0.064585,0.72825
20A,GtoC,132,17349,0.0076085,G,0.064585,0.11781
20A,GtoT,2656,17349,0.15309,G,0.064585,2.3704
20A,TtoA,573,17349,0.033028,T,0.51072,0.064669
20A,TtoC,2645,17349,0.15246,T,0.51072,0.29851
20A,TtoG,412,17349,0.023748,T,0.51072,0.046498
20B,AtoC,161,14263,0.011288,A,0.28956,0.038983
20B,AtoG,1306,14263,0.091566,A,0.28956,0.31622
20B,AtoT,410,14263,0.028746,A,0.28956,0.099273
20B,CtoA,287,14263,0.020122,C,0.13513,0.14891
20B,CtoG,83,14263,0.0058193,C,0.13513,0.043065
20B,CtoT,6021,14263,0.42214,C,0.13513,3.124
20B,GtoA,620,14263,0.043469,G,0.064585,0.67305
20B,GtoC,90,14263,0.00631,G,0.064585,0.097701
20B,GtoT,2269,14263,0.15908,G,0.064585,2.4631
20B,TtoA,463,14263,0.032462,T,0.51072,0.06356
20B,TtoC,2198,14263,0.15411,T,0.51072,0.30174
20B,TtoG,355,14263,0.02489,T,0.51072,0.048734
20C,AtoC,128,9534,0.013426,A,0.28963,0.046354
20C,AtoG,968,9534,0.10153,A,0.28963,0.35055
20C,AtoT,264,9534,0.02769,A,0.28963,0.095606
20C,CtoA,225,9534,0.0236,C,0.13492,0.17491
20C,CtoG,26,9534,0.0027271,C,0.13492,0.020212
20C,CtoT,3924,9534,0.41158,C,0.13492,3.0505
20C,GtoA,476,9534,0.049927,G,0.064601,0.77285
20C,GtoC,70,9534,0.0073421,G,0.064601,0.11365
20C,GtoT,1419,9534,0.14884,G,0.064601,2.3039
20C,TtoA,352,9534,0.03692,T,0.51085,0.072273
20C,TtoC,1451,9534,0.15219,T,0.51085,0.29792
20C,TtoG,231,9534,0.024229,T,0.51085,0.047429
20E,AtoC,144,10296,0.013986,A,0.28939,0.048329
20E,AtoG,1095,10296,0.10635,A,0.28939,0.3675
20E,AtoT,292,10296,0.028361,A,0.28939,0.098
20E,CtoA,213,10296,0.020688,C,0.13516,0.15306
20E,CtoG,117,10296,0.011364,C,0.13516,0.084075
20E,CtoT,4501,10296,0.43716,C,0.13516,3.2344
20E,GtoA,426,10296,0.041375,G,0.064601,0.64048
20E,GtoC,46,10296,0.0044678,G,0.064601,0.06916
20E,GtoT,1280,10296,0.12432,G,0.064601,1.9244
20E,TtoA,358,10296,0.034771,T,0.51085,0.068065
20E,TtoC,1579,10296,0.15336,T,0.51085,0.30021
20E,TtoG,245,10296,0.023796,T,0.51085,0.046581
20G,AtoC,172,14227,0.01209,A,0.2896,0.041746
20G,AtoG,1317,14227,0.09257,A,0.2896,0.31965
20G,AtoT,467,14227,0.032825,A,0.2896,0.11335
20G,CtoA,303,14227,0.021298,C,0.13478,0.15802
20G,CtoG,34,14227,0.0023898,C,0.13478,0.017731
20G,CtoT,6291,14227,0.44219,C,0.13478,3.2808
20G,GtoA,698,14227,0.049062,G,0.064647,0.75892
20G,GtoC,75,14227,0.0052717,G,0.064647,0.081545
20G,GtoT,1909,14227,0.13418,G,0.064647,2.0756
20G,TtoA,510,14227,0.035847,T,0.51097,0.070155
20G,TtoC,2092,14227,0.14704,T,0.51097,0.28777
20G,TtoG,359,14227,0.025234,T,0.51097,0.049384
20I,AtoC,700,59837,0.011698,A,0.29008,0.040329
20I,AtoG,5903,59837,0.098651,A,0.29008,0.34009
20I,AtoT,1688,59837,0.02821,A,0.29008,0.09725
20I,CtoA,1336,59837,0.022327,C,0.13502,0.16536
20I,CtoG,951,59837,0.015893,C,0.13502,0.11771
20I,CtoT,25778,59837,0.4308,C,0.13502,3.1907
20I,GtoA,2660,59837,0.044454,G,0.064647,0.68764
20I,GtoC,299,59837,0.0049969,G,0.064647,0.077295
20I,GtoT,8076,59837,0.13497,G,0.064647,2.0877
20I,TtoA,2099,59837,0.035079,T,0.51026,0.068747
20I,TtoC,8856,59837,0.148,T,0.51026,0.29005
20I,TtoG,1491,59837,0.024918,T,0.51026,0.048834
21C,AtoC,82,6215,0.013194,A,0.2897,0.045543
21C,AtoG,564,6215,0.090748,A,0.2897,0.31325
21C,AtoT,200,6215,0.03218,A,0.2897,0.11108
21C,CtoA,145,6215,0.023331,C,0.13495,0.17288
21C,CtoG,25,6215,0.0040225,C,0.13495,0.029806
21C,CtoT,2717,6215,0.43717,C,0.13495,3.2394
21C,GtoA,291,6215,0.046822,G,0.064616,0.72462
21C,GtoC,28,6215,0.0045052,G,0.064616,0.069723
21C,GtoT,805,6215,0.12953,G,0.064616,2.0045
21C,TtoA,227,6215,0.036525,T,0.51073,0.071514
21C,TtoC,957,6215,0.15398,T,0.51073,0.30149
21C,TtoG,174,6215,0.027997,T,0.51073,0.054817
21I,AtoC,346,23956,0.014443,A,0.28861,0.050043
21I,AtoG,2805,23956,0.11709,A,0.28861,0.4057
21I,AtoT,772,23956,0.032226,A,0.28861,0.11166
21I,CtoA,649,23956,0.027091,C,0.13559,0.1998
21I,CtoG,179,23956,0.007472,C,0.13559,0.055106
21I,CtoT,9054,23956,0.37794,C,0.13559,2.7873
21I,GtoA,1246,23956,0.052012,G,0.064932,0.80102
21I,GtoC,168,23956,0.0070129,G,0.064932,0.108
21I,GtoT,3583,23956,0.14957,G,0.064932,2.3034
21I,TtoA,666,23956,0.027801,T,0.51086,0.05442
21I,TtoC,3871,23956,0.16159,T,0.51086,0.3163
21I,TtoG,617,23956,0.025756,T,0.51086,0.050416
21J,AtoC,4315,279359,0.015446,A,0.28875,0.053493
21J,AtoG,31868,279359,0.11408,A,0.28875,0.39507
21J,AtoT,8869,279359,0.031748,A,0.28875,0.10995
21J,CtoA,7908,279359,0.028308,C,0.13542,0.20904
21J,CtoG,3060,279359,0.010954,C,0.13542,0.080887
21J,CtoT,104914,279359,0.37555,C,0.13542,2.7733
21J,GtoA,14118,279359,0.050537,G,0.064963,0.77794
21J,GtoC,1919,279359,0.0068693,G,0.064963,0.10574
21J,GtoT,40861,279359,0.14627,G,0.064963,2.2515
21J,TtoA,7674,279359,0.02747,T,0.51087,0.053771
21J,TtoC,47461,279359,0.16989,T,0.51087,0.33256
21J,TtoG,6392,279359,0.022881,T,0.51087,0.044788
21K,AtoC,1562,114072,0.013693,A,0.28998,0.047221
21K,AtoG,12485,114072,0.10945,A,0.28998,0.37744
21K,AtoT,3704,114072,0.032471,A,0.28998,0.11198
21K,CtoA,3142,114072,0.027544,C,0.13461,0.20463
21K,CtoG,761,114072,0.0066712,C,0.13461,0.049561
21K,CtoT,46737,114072,0.40971,C,0.13461,3.0438
21K,GtoA,6360,114072,0.055754,G,0.065155,0.85572
21K,GtoC,606,114072,0.0053124,G,0.065155,0.081535
21K,GtoT,7983,114072,0.069982,G,0.065155,1.0741
21K,TtoA,6242,114072,0.05472,T,0.51026,0.10724
21K,TtoC,21839,114072,0.19145,T,0.51026,0.3752
21K,TtoG,2651,114072,0.02324,T,0.51026,0.045545
21L,AtoC,1140,83727,0.013616,A,0.29015,0.046926
21L,AtoG,9298,83727,0.11105,A,0.29015,0.38273
21L,AtoT,2469,83727,0.029489,A,0.29015,0.10163
21L,CtoA,2521,83727,0.03011,C,0.13408,0.22456
21L,CtoG,888,83727,0.010606,C,0.13408,0.0791
21L,CtoT,35514,83727,0.42416,C,0.13408,3.1635
21L,GtoA,4391,83727,0.052444,G,0.065249,0.80376
21L,GtoC,513,83727,0.0061271,G,0.065249,0.093903
21L,GtoT,6628,83727,0.079162,G,0.065249,1.2132
21L,TtoA,3465,83727,0.041384,T,0.51052,0.081064
21L,TtoC,14889,83727,0.17783,T,0.51052,0.34833
21L,TtoG,2011,83727,0.024019,T,0.51052,0.047048
22A,AtoC,116,12804,0.0090597,A,0.28984,0.031257
22A,AtoG,1422,12804,0.11106,A,0.28984,0.38317
22A,AtoT,344,12804,0.026867,A,0.28984,0.092693
22A,CtoA,350,12804,0.027335,C,0.13405,0.20392
22A,CtoG,40,12804,0.003124,C,0.13405,0.023305
22A,CtoT,5516,12804,0.4308,C,0.13405,3.2137
22A,GtoA,763,12804,0.059591,G,0.065233,0.91351
22A,GtoC,67,12804,0.0052327,G,0.065233,0.080216
22A,GtoT,1084,12804,0.084661,G,0.065233,1.2978
22A,TtoA,528,12804,0.041237,T,0.51087,0.080719
22A,TtoC,2295,12804,0.17924,T,0.51087,0.35085
22A,TtoG,279,12804,0.02179,T,0.51087,0.042653
22B,AtoC,861,82710,0.01041,A,0.28998,0.035898
22B,AtoG,8758,82710,0.10589,A,0.28998,0.36515
22B,AtoT,2356,82710,0.028485,A,0.28998,0.09823
22B,CtoA,2253,82710,0.02724,C,0.13388,0.20347
22B,CtoG,269,82710,0.0032523,C,0.13388,0.024294
22B,CtoT,34659,82710,0.41904,C,0.13388,3.1301
22B,GtoA,5056,82710,0.061129,G,0.065025,0.94009
22B,GtoC,512,82710,0.0061903,G,0.065025,0.095199
22B,GtoT,7178,82710,0.086785,G,0.065025,1.3346
22B,TtoA,3672,82710,0.044396,T,0.51112,0.086861
22B,TtoC,15284,82710,0.18479,T,0.51112,0.36154
22B,TtoG,1852,82710,0.022391,T,0.51112,0.043809
22C,AtoC,187,18501,0.010108,A,0.29005,0.034847
22C,AtoG,2179,18501,0.11778,A,0.29005,0.40606
22C,AtoT,512,18501,0.027674,A,0.29005,0.095411
22C,CtoA,500,18501,0.027026,C,0.13415,0.20146
22C,CtoG,59,18501,0.003189,C,0.13415,0.023773
22C,CtoT,7819,18501,0.42263,C,0.13415,3.1505
22C,GtoA,970,18501,0.05243,G,0.065041,0.80611
22C,GtoC,95,18501,0.0051349,G,0.065041,0.078948
22C,GtoT,1529,18501,0.082644,G,0.065041,1.2707
22C,TtoA,727,18501,0.039295,T,0.51076,0.076935
22C,TtoC,3501,18501,0.18923,T,0.51076,0.37049
22C,TtoG,423,18501,0.022864,T,0.51076,0.044764
22D,AtoC,89,7689,0.011575,A,0.28971,0.039953
22D,AtoG,889,7689,0.11562,A,0.28971,0.39908
22D,AtoT,231,7689,0.030043,A,0.28971,0.1037
22D,CtoA,265,7689,0.034465,C,0.13397,0.25726
22D,CtoG,23,7689,0.0029913,C,0.13397,0.022328
22D,CtoT,2808,7689,0.3652,C,0.13397,2.7259
22D,GtoA,544,7689,0.07075,G,0.06555,1.0793
22D,GtoC,57,7689,0.0074132,G,0.06555,0.11309
22D,GtoT,418,7689,0.054363,G,0.06555,0.82934
22D,TtoA,367,7689,0.047731,T,0.51077,0.093449
22D,TtoC,1837,7689,0.23891,T,0.51077,0.46775
22D,TtoG,161,7689,0.020939,T,0.51077,0.040995
22E,AtoC,279,24510,0.011383,A,0.29015,0.039231
22E,AtoG,2796,24510,0.11408,A,0.29015,0.39316
22E,AtoT,789,24510,0.032191,A,0.29015,0.11094
22E,CtoA,711,24510,0.029009,C,0.1336,0.21712
22E,CtoG,92,24510,0.0037536,C,0.1336,0.028095
22E,CtoT,9632,24510,0.39298,C,0.1336,2.9414
22E,GtoA,1539,24510,0.062791,G,0.065249,0.96233
22E,GtoC,163,24510,0.0066503,G,0.065249,0.10192
22E,GtoT,1561,24510,0.063688,G,0.065249,0.97609
22E,TtoA,1250,24510,0.051,T,0.51099,0.099805
22E,TtoC,5122,24510,0.20898,T,0.51099,0.40896
22E,TtoG,576,24510,0.023501,T,0.51099,0.04599
22F,AtoC,320,24997,0.012802,A,0.28981,0.044172
22F,AtoG,3127,24997,0.1251,A,0.28981,0.43164
22F,AtoT,851,24997,0.034044,A,0.28981,0.11747
22F,CtoA,833,24997,0.033324,C,0.13415,0.24842
22F,CtoG,99,24997,0.0039605,C,0.13415,0.029524
22F,CtoT,9526,24997,0.38109,C,0.13415,2.8408
22F,GtoA,1560,24997,0.062407,G,0.06528,0.956
22F,GtoC,157,24997,0.0062808,G,0.06528,0.096213
22F,GtoT,1578,24997,0.063128,G,0.06528,0.96703
22F,TtoA,885,24997,0.035404,T,0.51076,0.069317
22F,TtoC,5513,24997,0.22055,T,0.51076,0.4318
22F,TtoG,548,24997,0.021923,T,0.51076,0.042922
