site,wildtype,mutant,effect
1,S,*,-0.000761
1,S,C,0.6959
1,S,D,0.4649
1,S,E,0.4718
1,S,F,1.155
1,S,H,0.7245
1,S,I,0.8115
1,S,K,0.8199
1,S,M,0.7336
1,S,N,1.221
1,S,P,0.6775
1,S,Q,1.288
1,S,W,0.9277
1,S,Y,0.8319
2,G,*,0.004862
2,G,A,0.3062
2,G,C,0.3799
2,G,D,0.1042
2,G,E,0.1652
2,G,F,0.3889
2,G,H,0.4541
2,G,I,0.3214
2,G,K,0.3177
2,G,L,0.2999
2,G,M,0.3541
2,G,N,0.3136
2,G,P,0.2784
2,G,Q,0.2508
2,G,R,0.3314
2,G,S,0.2983
2,G,T,0.3182
2,G,V,0.4043
2,G,W,0.4217
2,G,Y,0.3194
3,F,*,0.02621
3,F,A,0.005015
3,F,C,0.109
3,F,D,0.009218
3,F,E,-0.001335
3,F,G,0.002779
3,F,H,0.02683
3,F,I,0.433
3,F,L,0.4934
3,F,M,0.4715
3,F,N,-0.00394
3,F,P,0.1619
3,F,Q,-0.01134
3,F,R,0.006934
3,F,S,0.00325
3,F,T,0.003138
3,F,V,0.247
3,F,W,0.4875
3,F,Y,0.1157
4,R,*,-0.02058
4,R,A,0.283
4,R,C,0.59
4,R,D,0.002948
4,R,E,0.05536
4,R,F,0.1401
4,R,G,0.0481
4,R,H,0.3175
4,R,I,0.6959
4,R,K,0.6
4,R,L,0.5023
4,R,M,0.3477
4,R,N,0.2486
4,R,P,0.3628
4,R,Q,0.3145
4,R,S,0.7446
4,R,T,0.5011
4,R,V,0.8153
4,R,W,0.01918
4,R,Y,0.1124
5,K,*,0.007443
5,K,A,0.5807
5,K,C,0.7051
5,K,D,0.1981
5,K,E,0.2541
5,K,F,0.9997
5,K,G,0.2546
5,K,H,0.6389
5,K,I,0.7283
5,K,L,0.822
5,K,M,0.7896
5,K,N,0.4678
5,K,P,0.545
5,K,Q,0.4083
5,K,R,0.5207
5,K,S,0.6216
5,K,T,0.4817
5,K,V,0.5908
5,K,W,0.875
5,K,Y,0.4593
6,M,*,-0.01465
6,M,A,0.135
6,M,C,0.2196
6,M,D,0.001391
6,M,E,-0.007274
6,M,F,0.3286
6,M,G,0.01837
6,M,H,0.04545
6,M,I,0.5723
6,M,K,0.00031
6,M,L,0.3641
6,M,N,-0.002829
6,M,P,-0.02446
6,M,Q,0.2479
6,M,R,0.02518
6,M,S,0.08054
6,M,T,0.1712
6,M,V,0.4227
6,M,W,0.2424
6,M,Y,0.2263
7,A,*,0.006445
7,A,C,0.6925
7,A,D,0.02408
7,A,E,0.02073
7,A,F,0.02754
7,A,G,0.0733
7,A,H,0.007459
7,A,I,0.1191
7,A,K,-0.009477
7,A,L,-0.00965
7,A,M,0.02146
7,A,N,0.04871
7,A,P,0.109
7,A,Q,-0.009992
7,A,R,-0.003256
7,A,S,0.4995
7,A,T,0.4866
7,A,V,0.5053
7,A,W,-0.001896
7,A,Y,-0.005105
8,F,*,0.01355
8,F,A,0.5727
8,F,C,0.4776
8,F,D,0.1497
8,F,E,0.1185
8,F,G,0.0299
8,F,H,0.6158
8,F,I,0.1187
8,F,K,-0.01101
8,F,L,0.3996
8,F,M,0.4054
8,F,N,0.2573
8,F,P,-0.01532
8,F,Q,0.5382
8,F,R,0.1093
8,F,S,0.3611
8,F,T,0.2715
8,F,V,0.1996
8,F,W,0.6424
8,F,Y,0.7194
9,P,*,-0.006403
9,P,A,0.05907
9,P,C,0.127
9,P,D,0.02345
9,P,E,-0.02823
9,P,F,-0.03949
9,P,G,-0.0118
9,P,H,-3.393e-05
9,P,I,-0.08544
9,P,K,-0.01509
9,P,L,-0.08237
9,P,M,-0.03216
9,P,N,-0.003145
9,P,Q,-0.001725
9,P,R,-0.0003694
9,P,S,-0.01865
9,P,T,-0.01611
9,P,V,-0.06033
9,P,W,-0.04183
9,P,Y,0.005252
10,S,*,-0.003711
10,S,A,0.001073
10,S,C,0.1479
10,S,D,0.00104
10,S,E,0.01332
10,S,F,-0.02242
10,S,G,-0.02214
10,S,H,0.02164
10,S,I,-0.01532
10,S,K,-0.01044
10,S,L,-0.02015
10,S,M,-0.02232
10,S,N,-0.01154
10,S,P,-0.00714
10,S,Q,0.01512
10,S,R,-0.002766
10,S,T,0.6976
10,S,V,-0.0147
10,S,W,-0.01012
10,S,Y,-0.02252
11,G,*,-0.01831
11,G,A,0.09165
11,G,C,0.004828
11,G,D,-0.002972
11,G,E,0.01473
11,G,F,0.01547
11,G,H,0.003738
11,G,I,-0.001278
11,G,K,0.005319
11,G,L,-0.006614
11,G,M,-0.01327
11,G,N,-0.0007785
11,G,P,0.02343
11,G,Q,-0.01448
11,G,R,-0.008487
11,G,S,0.1029
11,G,T,0.007563
11,G,V,0.007691
11,G,W,-0.01237
11,G,Y,0.008035
12,K,*,-0.01426
12,K,A,0.2496
12,K,C,0.2418
12,K,D,0.06352
12,K,E,0.06301
12,K,F,0.05734
12,K,G,0.005061
12,K,H,0.1822
12,K,I,0.1069
12,K,L,0.2424
12,K,M,0.3007
12,K,N,0.1078
12,K,P,0.1054
12,K,Q,0.3033
12,K,R,0.5817
12,K,S,0.2194
12,K,T,0.09354
12,K,V,0.2006
12,K,W,0.06242
12,K,Y,0.1456
13,V,*,-0.009346
13,V,A,0.5075
13,V,C,0.4536
13,V,D,0.01166
13,V,E,0.01637
13,V,F,-0.008701
13,V,G,0.03206
13,V,H,-0.003914
13,V,I,0.4385
13,V,K,0.008384
13,V,L,0.03116
13,V,M,0.0007842
13,V,N,-0.001777
13,V,P,0.09373
13,V,Q,5.886e-05
13,V,R,-0.03574
13,V,S,0.1755
13,V,T,0.3632
13,V,W,0.00284
13,V,Y,-0.004672
14,E,*,-0.01022
14,E,A,0.00972
14,E,C,-0.01092
14,E,D,0.0155
14,E,F,0.001048
14,E,G,0.006399
14,E,H,-0.01126
14,E,I,-0.009806
14,E,K,-0.01261
14,E,L,-0.007626
14,E,M,0.01805
14,E,N,-0.006496
14,E,P,-0.005723
14,E,Q,0.007926
14,E,R,-0.03233
14,E,S,-0.003919
14,E,T,-0.004165
14,E,V,-0.009014
14,E,W,-0.01344
14,E,Y,-0.01015
15,G,*,-0.01059
15,G,A,0.5815
15,G,C,0.6698
15,G,D,0.3812
15,G,E,0.424
15,G,F,0.4137
15,G,H,0.3954
15,G,I,0.6136
15,G,K,0.4235
15,G,L,0.5969
15,G,M,0.6403
15,G,N,0.6293
15,G,P,0.5365
15,G,Q,0.5779
15,G,R,0.5738
15,G,S,0.5357
15,G,T,0.5358
15,G,V,0.7278
15,G,W,0.5083
15,G,Y,0.4101
16,C,*,0.004283
16,C,A,0.6398
16,C,D,0.02401
16,C,E,0.03271
16,C,F,0.013
16,C,G,0.5255
16,C,H,0.03615
16,C,I,0.02281
16,C,K,0.01344
16,C,L,0.2233
16,C,M,0.0373
16,C,N,0.172
16,C,P,0.0312
16,C,Q,0.1329
16,C,R,0.01173
16,C,S,0.3773
16,C,T,0.4965
16,C,V,0.4145
16,C,W,-0.01554
16,C,Y,0.01017
17,M,*,-0.01058
17,M,A,0.3106
17,M,C,0.3708
17,M,D,0.01132
17,M,E,0.06933
17,M,F,0.2183
17,M,G,0.08713
17,M,H,0.02615
17,M,I,0.6011
17,M,K,0.01589
17,M,L,0.4025
17,M,N,0.07216
17,M,P,0.09445
17,M,Q,0.1093
17,M,R,0.01117
17,M,S,0.2555
17,M,T,0.4762
17,M,V,0.6318
17,M,W,0.02712
17,M,Y,0.07891
18,V,*,0.007661
18,V,A,0.431
18,V,C,0.4867
18,V,D,0.01376
18,V,E,0.01873
18,V,F,0.03553
18,V,G,0.2309
18,V,H,0.05398
18,V,I,0.5319
18,V,K,0.02576
18,V,L,0.6017
18,V,M,0.3924
18,V,N,0.1032
18,V,P,0.002215
18,V,Q,0.02226
18,V,R,0.02596
18,V,S,0.3483
18,V,T,0.5206
18,V,W,0.02328
18,V,Y,0.01734
19,Q,*,0.006447
19,Q,A,0.4868
19,Q,C,0.5979
19,Q,D,0.3952
19,Q,E,0.6079
19,Q,F,0.6456
19,Q,G,0.4686
19,Q,H,0.4808
19,Q,I,0.5783
19,Q,K,0.7386
19,Q,L,0.5124
19,Q,M,0.7944
19,Q,N,0.5447
19,Q,P,0.3492
19,Q,R,0.7326
19,Q,S,0.5657
19,Q,T,0.3771
19,Q,V,0.7403
19,Q,W,0.7364
19,Q,Y,0.5884
20,V,*,-0.02301
20,V,A,0.4269
20,V,C,0.3869
20,V,D,0.01341
20,V,E,0.002535
20,V,F,0.09746
20,V,G,0.01146
20,V,H,0.01535
20,V,I,0.5134
20,V,K,0.006174
20,V,L,0.3341
20,V,M,0.2656
20,V,N,0.003361
20,V,P,0.02057
20,V,Q,0.01577
20,V,R,0.01343
20,V,S,0.1412
20,V,T,0.3857
20,V,W,0.007139
20,V,Y,0.02167
21,T,*,-0.0132
21,T,A,0.6666
21,T,C,0.6523
21,T,D,0.525
21,T,E,0.5586
21,T,F,0.6357
21,T,G,0.4904
21,T,H,0.4829
21,T,I,0.9245
21,T,K,0.8139
21,T,L,0.7769
21,T,M,0.7541
21,T,N,0.3323
21,T,P,0.005406
21,T,Q,0.6428
21,T,R,0.8068
21,T,S,0.6461
21,T,V,0.8469
21,T,W,0.7592
21,T,Y,0.5697
22,C,*,0.001697
22,C,A,0.4455
22,C,D,0.5462
22,C,E,0.4075
22,C,F,0.4169
22,C,G,0.2643
22,C,H,0.3571
22,C,I,0.6377
22,C,K,0.3364
22,C,L,0.557
22,C,M,0.5442
22,C,N,0.383
22,C,P,-0.0009735
22,C,Q,0.4848
22,C,R,0.2913
22,C,S,0.5199
22,C,T,0.4763
22,C,V,0.7484
22,C,W,0.3196
22,C,Y,0.4127
23,G,*,-0.01019
23,G,A,0.5752
23,G,C,0.5761
23,G,D,0.568
23,G,E,0.5089
23,G,F,0.6363
23,G,H,0.6174
23,G,I,0.5546
23,G,K,0.6509
23,G,L,0.5874
23,G,M,0.503
23,G,N,0.5947
23,G,P,0.32
23,G,Q,0.6333
23,G,R,0.4872
23,G,S,0.5823
23,G,T,0.5302
23,G,V,0.5921
23,G,W,0.5191
23,G,Y,0.6154
24,T,*,-0.01213
24,T,A,0.5779
24,T,C,0.736
24,T,D,0.5954
24,T,E,0.5316
24,T,F,0.7336
24,T,G,0.6673
24,T,H,0.667
24,T,I,0.536
24,T,K,0.7427
24,T,L,0.6363
24,T,M,0.6405
24,T,N,0.7341
24,T,P,0.54
24,T,Q,0.6881
24,T,R,0.7181
24,T,S,0.6786
24,T,V,0.5948
24,T,W,0.6436
24,T,Y,0.7419
25,T,*,-0.00737
25,T,A,0.6651
25,T,C,0.7298
25,T,D,0.2281
25,T,E,0.3135
25,T,F,0.6993
25,T,G,0.6995
25,T,H,0.3032
25,T,I,0.4739
25,T,K,0.09059
25,T,L,0.6956
25,T,M,0.9484
25,T,N,0.4743
25,T,P,0.2312
25,T,Q,0.6411
25,T,R,0.2486
25,T,S,0.6737
25,T,V,0.5126
25,T,W,0.6885
25,T,Y,0.7323
26,T,*,0.00444
26,T,A,0.7222
26,T,C,0.6186
26,T,D,0.308
26,T,E,0.5628
26,T,F,0.6455
26,T,G,0.6417
26,T,H,0.6197
26,T,I,0.6331
26,T,K,0.7125
26,T,L,0.6196
26,T,M,0.5686
26,T,N,0.6479
26,T,P,0.01495
26,T,Q,0.7107
26,T,R,0.8063
26,T,S,0.6426
26,T,V,0.6654
26,T,W,0.611
26,T,Y,0.7271
29,G,*,-0.003835
29,G,A,0.3015
29,G,C,0.004112
29,G,D,0.01151
29,G,E,0.02789
29,G,F,0.05034
29,G,H,0.01987
29,G,I,0.02768
29,G,K,0.0233
29,G,L,-0.000932
29,G,M,0.06137
29,G,N,0.02205
29,G,P,0.01101
29,G,Q,0.01703
29,G,R,0.02761
29,G,S,0.1005
29,G,T,0.01443
29,G,V,0.02079
29,G,Y,0.01297
30,L,*,-0.02123
30,L,A,0.5952
30,L,C,0.6083
30,L,D,0.01604
30,L,E,0.03374
30,L,F,0.4479
30,L,G,0.04707
30,L,H,0.03623
30,L,I,0.7711
30,L,K,0.02897
30,L,N,0.1413
30,L,P,0.09785
30,L,Q,0.09939
30,L,R,0.02226
30,L,S,0.3108
30,L,T,0.4189
30,L,V,0.8251
30,L,W,0.02811
30,L,Y,0.02976
31,W,*,0.008572
31,W,A,0.03368
31,W,C,0.03667
31,W,E,0.03461
31,W,F,0.5244
31,W,G,0.00829
31,W,H,0.3502
31,W,I,-0.01578
31,W,K,0.04142
31,W,L,0.05498
31,W,M,0.1047
31,W,N,0.02313
31,W,P,0.02144
31,W,Q,0.0442
31,W,R,0.02182
31,W,S,0.01152
31,W,T,-0.003919
31,W,V,0.01956
31,W,Y,0.5621
32,L,*,-0.0214
32,L,A,0.5878
32,L,C,0.5927
32,L,D,0.0369
32,L,E,0.002888
32,L,F,0.259
32,L,G,0.01825
32,L,H,0.06022
32,L,K,0.04992
32,L,M,0.6555
32,L,N,0.04719
32,L,P,0.0381
32,L,R,-0.07664
32,L,S,0.05553
32,L,W,0.025
32,L,Y,0.05137
33,D,*,0.0134
33,D,A,0.7995
33,D,C,0.7034
33,D,E,0.7218
33,D,F,0.9441
33,D,G,0.7852
33,D,H,0.7132
33,D,K,0.8318
33,D,L,0.7542
33,D,M,0.7554
33,D,N,0.7465
33,D,P,0.03355
33,D,Q,0.7229
33,D,R,0.7338
33,D,S,0.7991
33,D,T,0.6874
33,D,V,0.9632
33,D,W,0.914
33,D,Y,0.6379
34,D,*,-0.03417
34,D,A,0.7583
34,D,C,0.7019
34,D,E,0.651
34,D,F,0.9362
34,D,G,0.8558
34,D,H,0.6635
34,D,I,0.3917
34,D,K,0.7426
34,D,L,0.7047
34,D,M,0.8292
34,D,N,0.7638
34,D,P,0.07957
34,D,Q,0.6422
34,D,R,0.7351
34,D,S,0.7409
34,D,T,0.6392
34,D,V,0.5537
34,D,W,0.814
34,D,Y,0.8655
35,V,*,0.01392
35,V,A,0.6335
35,V,C,0.7093
35,V,D,0.655
35,V,F,0.7229
35,V,G,0.6374
35,V,H,0.6748
35,V,I,0.8412
35,V,K,0.7244
35,V,L,0.5818
35,V,M,0.7577
35,V,N,0.6063
35,V,P,-0.02251
35,V,Q,0.6134
35,V,R,0.6648
35,V,S,0.6904
35,V,T,0.7046
35,V,W,0.7616
35,V,Y,0.662
36,V,*,-0.03169
36,V,A,0.3968
36,V,C,0.4855
36,V,D,-0.008042
36,V,E,0.02487
36,V,F,0.03543
36,V,G,0.004537
36,V,H,0.03633
36,V,I,0.6311
36,V,K,0.01731
36,V,L,0.4196
36,V,M,0.1531
36,V,N,0.01575
36,V,P,-0.00141
36,V,Q,0.02055
36,V,R,0.008507
36,V,S,0.02926
36,V,T,0.4032
36,V,W,0.009956
36,V,Y,0.01213
37,Y,*,0.004384
37,Y,A,0.5439
37,Y,D,0.2051
37,Y,E,0.5891
37,Y,F,0.5425
37,Y,G,0.2049
37,Y,H,0.6511
37,Y,I,0.8309
37,Y,K,0.4524
37,Y,L,0.8041
37,Y,M,0.4735
37,Y,N,0.4805
37,Y,P,0.06543
37,Y,Q,0.4208
37,Y,R,0.4733
37,Y,S,0.6198
37,Y,T,0.6258
37,Y,V,0.8132
37,Y,W,0.7483
38,C,*,0.03053
38,C,A,0.7228
38,C,E,0.04065
38,C,F,0.3696
38,C,G,0.419
38,C,I,0.5207
38,C,K,0.02562
38,C,L,0.5763
38,C,M,0.4553
38,C,Q,0.1681
38,C,R,0.03979
38,C,V,0.5066
38,C,W,-0.002173
38,C,Y,0.05361
39,P,*,-0.01785
39,P,A,0.2671
39,P,C,0.4798
39,P,D,0.03634
39,P,E,-0.005075
39,P,F,0.02314
39,P,G,0.154
39,P,H,0.009321
39,P,I,0.05646
39,P,K,0.02065
39,P,L,0.02198
39,P,M,0.01593
39,P,N,0.1054
39,P,Q,0.003362
39,P,R,0.02385
39,P,S,0.1203
39,P,T,0.123
39,P,V,0.104
39,P,W,0.04411
39,P,Y,-0.0167
40,R,*,0.01383
40,R,A,-0.03497
40,R,C,-0.0256
40,R,D,-0.02406
40,R,E,-0.02598
40,R,F,-0.01048
40,R,G,-0.01737
40,R,H,-0.002467
40,R,I,-0.008389
40,R,K,-0.001167
40,R,L,-0.006121
40,R,M,-0.004523
40,R,N,0.001637
40,R,P,-0.01872
40,R,Q,-0.01801
40,R,S,-0.01527
40,R,T,-0.01328
40,R,V,-0.004837
40,R,W,-0.01809
40,R,Y,-0.005394
41,H,*,-0.02301
41,H,A,-0.01361
41,H,C,-0.0007837
41,H,D,-0.01119
41,H,E,-0.00537
41,H,F,0.004906
41,H,G,-0.02418
41,H,I,-0.002985
41,H,K,-0.01677
41,H,L,-0.01055
41,H,M,-0.00714
41,H,N,-0.008387
41,H,P,0.002207
41,H,Q,-0.005859
41,H,R,0.003547
41,H,S,-0.02103
41,H,T,-0.02488
41,H,V,-0.02617
41,H,W,-0.001816
41,H,Y,-0.02165
42,V,*,-0.01705
42,V,A,0.4648
42,V,C,0.383
42,V,D,-0.004898
42,V,E,-0.02155
42,V,F,0.08266
42,V,G,0.2588
42,V,H,-0.007665
42,V,I,0.3975
42,V,K,-0.02527
42,V,L,0.4166
42,V,M,0.142
42,V,N,0.0388
42,V,P,-0.004481
42,V,Q,-0.002421
42,V,R,-0.01875
42,V,S,0.3124
42,V,T,0.3025
42,V,W,0.008077
42,V,Y,0.006012
43,I,*,0.001707
43,I,A,0.4649
43,I,C,0.4937
43,I,D,0.00698
43,I,E,0.09791
43,I,F,0.4995
43,I,G,0.3327
43,I,H,0.03069
43,I,K,0.1338
43,I,L,0.5934
43,I,M,0.5875
43,I,N,0.172
43,I,P,0.01961
43,I,Q,0.2958
43,I,R,0.09856
43,I,S,0.3683
43,I,T,0.4974
43,I,V,0.5906
43,I,W,0.1196
43,I,Y,0.3072
44,C,*,0.01821
44,C,A,0.4789
44,C,D,0.1597
44,C,E,0.1058
44,C,F,0.1737
44,C,G,0.4354
44,C,H,0.1627
44,C,I,0.4713
44,C,K,0.1331
44,C,L,0.6741
44,C,M,0.3733
44,C,N,0.3312
44,C,P,0.1521
44,C,Q,0.1559
44,C,R,0.117
44,C,S,0.3962
44,C,T,0.4452
44,C,V,0.4575
44,C,W,0.1865
44,C,Y,0.1434
45,T,*,-0.004627
45,T,A,0.7462
45,T,C,0.6254
45,T,D,0.648
45,T,E,0.5823
45,T,F,0.5918
45,T,G,0.5957
45,T,H,0.635
45,T,I,0.569
45,T,K,0.594
45,T,L,0.6416
45,T,M,0.7124
45,T,N,0.6683
45,T,P,0.4315
45,T,Q,0.6573
45,T,R,0.7103
45,T,S,0.6423
45,T,V,0.6451
45,T,W,0.4122
45,T,Y,0.5733
46,S,*,-0.002675
46,S,C,0.6865
46,S,D,0.5184
46,S,E,0.6758
46,S,F,0.7379
46,S,G,0.5429
46,S,H,0.7152
46,S,I,0.797
46,S,K,0.7198
46,S,L,0.6974
46,S,M,0.7336
46,S,N,0.6159
46,S,P,0.6965
46,S,Q,0.5894
46,S,R,0.6531
46,S,T,0.5246
46,S,V,0.7037
46,S,W,0.6816
46,S,Y,0.6998
47,E,*,0.02155
47,E,A,0.7489
47,E,C,0.5784
47,E,D,0.7533
47,E,F,0.7232
47,E,G,0.6748
47,E,H,0.7254
47,E,I,0.6129
47,E,K,0.7397
47,E,L,0.638
47,E,M,0.6642
47,E,N,0.7229
47,E,P,0.4933
47,E,Q,0.6625
47,E,R,0.6428
47,E,S,0.6313
47,E,T,0.6057
47,E,V,0.656
47,E,W,0.5995
47,E,Y,0.6836
48,D,*,-0.001904
48,D,A,0.5029
48,D,C,0.5424
48,D,E,0.7001
48,D,F,0.3513
48,D,G,0.4415
48,D,H,0.5023
48,D,I,0.3435
48,D,K,0.2856
48,D,L,0.4268
48,D,M,0.4646
48,D,N,0.6404
48,D,P,0.2883
48,D,Q,0.6594
48,D,R,0.3249
48,D,S,0.4894
48,D,T,0.4865
48,D,V,0.395
48,D,W,0.332
48,D,Y,0.4139
49,M,*,-0.01294
49,M,A,0.4858
49,M,C,0.5691
49,M,D,0.277
49,M,E,0.2914
49,M,F,0.4167
49,M,G,0.2419
49,M,H,0.3894
49,M,I,0.4975
49,M,K,0.471
49,M,L,0.6658
49,M,N,0.3623
49,M,P,0.2018
49,M,Q,0.449
49,M,R,0.4186
49,M,S,0.3836
49,M,T,0.5503
49,M,V,0.7519
49,M,W,0.2321
49,M,Y,0.3807
50,L,*,-0.003292
50,L,A,0.998
50,L,C,0.87
50,L,D,0.9187
50,L,E,0.7098
50,L,F,0.8858
50,L,G,0.8287
50,L,H,0.8617
50,L,I,0.6303
50,L,K,0.8036
50,L,M,0.7099
50,L,N,0.9013
50,L,P,0.7993
50,L,Q,0.9141
50,L,R,0.765
50,L,S,1.058
50,L,T,0.8638
50,L,V,0.7079
50,L,W,0.9257
50,L,Y,1.031
51,N,*,-0.001996
51,N,A,0.6811
51,N,C,0.5912
51,N,D,0.6588
51,N,E,0.5773
51,N,F,0.5543
51,N,G,0.4822
51,N,H,0.7061
51,N,I,0.4864
51,N,K,0.5949
51,N,L,0.499
51,N,M,0.5307
51,N,P,0.1217
51,N,Q,0.6141
51,N,R,0.5363
51,N,S,0.5994
51,N,T,0.5843
51,N,V,0.4246
51,N,W,0.588
51,N,Y,0.5764
52,P,*,-0.01267
52,P,A,0.3444
52,P,C,0.2767
52,P,D,0.3419
52,P,E,0.3154
52,P,F,0.2765
52,P,G,0.4171
52,P,H,0.2963
52,P,I,0.3004
52,P,K,0.238
52,P,L,0.3427
52,P,M,0.3583
52,P,N,0.2607
52,P,Q,0.3131
52,P,R,0.2025
52,P,S,0.3124
52,P,T,0.3321
52,P,V,0.3035
52,P,W,0.2946
52,P,Y,0.3104
53,N,*,-0.01372
53,N,A,0.4951
53,N,C,0.5631
53,N,D,0.6686
53,N,E,0.6977
53,N,F,0.6181
53,N,G,0.4723
53,N,H,0.6519
53,N,I,0.5692
53,N,K,0.5682
53,N,L,0.6578
53,N,M,0.7031
53,N,P,0.5929
53,N,Q,0.5933
53,N,R,0.7454
53,N,S,0.627
53,N,T,0.6033
53,N,V,0.6246
53,N,W,0.6441
53,N,Y,0.5426
54,Y,*,0.002023
54,Y,A,0.04319
54,Y,C,0.08614
54,Y,D,0.03412
54,Y,E,0.05523
54,Y,F,0.424
54,Y,G,0.04372
54,Y,H,0.249
54,Y,I,0.1106
54,Y,K,0.04499
54,Y,L,0.09357
54,Y,M,0.1988
54,Y,N,0.03461
54,Y,P,0.07239
54,Y,Q,0.05533
54,Y,R,0.0325
54,Y,S,0.05122
54,Y,T,0.0659
54,Y,V,0.07328
54,Y,W,0.4044
55,E,*,0.005941
55,E,A,0.6327
55,E,C,0.6643
55,E,D,0.6702
55,E,F,0.5739
55,E,G,0.6446
55,E,H,0.6592
55,E,I,0.7057
55,E,K,0.6534
55,E,L,0.6139
55,E,M,0.6179
55,E,N,0.6467
55,E,P,0.6019
55,E,Q,0.631
55,E,R,0.6176
55,E,S,0.6432
55,E,T,0.6243
55,E,V,0.6617
55,E,W,0.6475
55,E,Y,0.7131
56,D,*,0.002838
56,D,A,0.6925
56,D,C,0.6429
56,D,E,0.6532
56,D,F,0.8199
56,D,G,0.7399
56,D,H,0.7311
56,D,I,0.637
56,D,K,0.7506
56,D,L,0.7392
56,D,M,0.7462
56,D,N,0.5312
56,D,P,0.4571
56,D,Q,0.7222
56,D,R,0.6712
56,D,S,0.6872
56,D,T,0.6815
56,D,V,0.455
56,D,W,0.8797
56,D,Y,0.6213
57,L,*,-0.008654
57,L,A,0.4757
57,L,C,0.5411
57,L,D,0.403
57,L,E,0.4277
57,L,F,0.3944
57,L,G,0.3848
57,L,H,0.3202
57,L,I,0.6635
57,L,K,0.4169
57,L,M,0.5936
57,L,N,0.4458
57,L,P,0.1305
57,L,Q,0.4988
57,L,R,0.3724
57,L,S,0.4316
57,L,T,0.5113
57,L,V,0.5012
57,L,W,0.2827
57,L,Y,0.4234
58,L,*,-0.0006043
58,L,A,0.5285
58,L,C,0.5437
58,L,D,0.3324
58,L,E,0.4785
58,L,F,0.6583
58,L,G,0.3649
58,L,H,0.6776
58,L,I,0.6235
58,L,K,0.4294
58,L,M,0.5835
58,L,N,0.5701
58,L,P,0.1517
58,L,Q,0.517
58,L,R,0.5118
58,L,S,0.4981
58,L,T,0.4425
58,L,V,0.6549
58,L,W,0.5801
58,L,Y,0.606
59,I,*,-0.02371
59,I,A,0.5476
59,I,C,0.5869
59,I,D,0.6609
59,I,E,0.6305
59,I,F,0.7022
59,I,G,0.6369
59,I,H,0.5998
59,I,K,0.6366
59,I,L,0.6309
59,I,M,0.6365
59,I,N,0.6902
59,I,P,0.4613
59,I,Q,0.639
59,I,R,0.6559
59,I,S,0.5714
59,I,T,0.634
59,I,V,0.6376
59,I,W,0.6904
59,I,Y,0.6623
60,R,*,0.01155
60,R,A,0.5627
60,R,C,0.684
60,R,D,0.6501
60,R,E,0.5982
60,R,F,0.666
60,R,G,0.6561
60,R,H,0.6271
60,R,I,0.6403
60,R,K,0.6236
60,R,L,0.649
60,R,M,0.6903
60,R,N,0.6445
60,R,P,0.5886
60,R,Q,0.6471
60,R,S,0.6125
60,R,T,0.7392
60,R,V,0.6941
60,R,W,0.7205
60,R,Y,0.6608
61,K,*,-0.004823
61,K,A,0.5589
61,K,C,0.6418
61,K,D,0.3301
61,K,E,0.4537
61,K,F,0.4963
61,K,G,0.4054
61,K,H,0.5473
61,K,I,0.621
61,K,L,0.5769
61,K,M,0.6141
61,K,N,0.5548
61,K,P,0.3509
61,K,Q,0.6192
61,K,R,0.6316
61,K,S,0.5155
61,K,T,0.646
61,K,V,0.645
61,K,W,0.5704
61,K,Y,0.515
62,S,*,-0.003969
62,S,A,0.7043
62,S,C,0.6771
62,S,D,0.701
62,S,E,0.707
62,S,F,0.6949
62,S,G,0.6582
62,S,H,0.6357
62,S,I,0.612
62,S,K,0.6386
62,S,L,0.6838
62,S,M,0.6949
62,S,N,0.6611
62,S,P,0.4005
62,S,Q,0.5905
62,S,R,0.6462
62,S,T,0.6812
62,S,V,0.619
62,S,W,0.7087
62,S,Y,0.6337
63,N,*,0.01157
63,N,A,0.5993
63,N,C,0.5502
63,N,D,0.5969
63,N,E,0.5561
63,N,F,0.5041
63,N,G,0.5709
63,N,H,0.5943
63,N,I,0.5974
63,N,K,0.5614
63,N,L,0.5294
63,N,M,0.5634
63,N,P,0.5875
63,N,Q,0.4656
63,N,R,0.5897
63,N,S,0.5856
63,N,T,0.5241
63,N,V,0.5566
63,N,W,0.5503
63,N,Y,0.4614
64,H,*,-0.009453
64,H,A,0.652
64,H,C,0.7319
64,H,D,0.6669
64,H,E,0.66
64,H,F,0.665
64,H,G,0.5541
64,H,I,0.5853
64,H,K,0.6758
64,H,L,0.6329
64,H,M,0.6188
64,H,N,0.676
64,H,P,0.6341
64,H,Q,0.5982
64,H,R,0.3387
64,H,S,0.6574
64,H,T,0.5832
64,H,V,0.6931
64,H,W,0.7449
64,H,Y,0.6719
65,N,*,-0.02514
65,N,A,0.6529
65,N,C,0.6673
65,N,D,0.6424
65,N,E,0.6208
65,N,F,0.5643
65,N,G,0.5331
65,N,H,0.6699
65,N,I,0.5292
65,N,K,0.5311
65,N,L,0.607
65,N,M,0.6984
65,N,P,0.4567
65,N,Q,0.6089
65,N,R,0.5704
65,N,S,0.7427
65,N,T,0.4701
65,N,V,0.6325
65,N,W,0.6716
65,N,Y,0.5235
66,F,*,0.0004041
66,F,A,0.04552
66,F,C,0.2176
66,F,D,0.01244
66,F,E,0.01539
66,F,G,-0.008003
66,F,H,0.05461
66,F,I,0.4086
66,F,K,0.01909
66,F,L,0.4627
66,F,M,0.4542
66,F,N,0.01215
66,F,P,0.09791
66,F,Q,0.01678
66,F,R,0.01831
66,F,S,0.009729
66,F,T,0.1657
66,F,V,0.2926
66,F,W,0.5858
66,F,Y,0.595
67,L,*,-0.003081
67,L,A,0.6161
67,L,C,0.6035
67,L,D,0.6757
67,L,E,0.6507
67,L,F,0.7008
67,L,G,0.5792
67,L,H,0.5477
67,L,I,0.72
67,L,K,0.5561
67,L,M,0.703
67,L,N,0.5731
67,L,P,0.1141
67,L,Q,0.5826
67,L,R,0.619
67,L,S,0.6103
67,L,T,0.63
67,L,V,0.6578
67,L,W,0.752
67,L,Y,0.6716
68,V,*,-0.01519
68,V,A,0.5389
68,V,C,0.6087
68,V,D,-0.0103
68,V,E,0.004892
68,V,F,0.04426
68,V,G,0.02366
68,V,H,-0.01347
68,V,I,0.6722
68,V,K,-0.003226
68,V,L,0.5857
68,V,M,0.3359
68,V,N,0.001349
68,V,P,0.2647
68,V,Q,-0.0133
68,V,R,0.01438
68,V,S,0.1079
68,V,T,0.4037
68,V,W,-0.002794
68,V,Y,0.004475
69,Q,*,-0.009285
69,Q,A,0.6774
69,Q,C,0.673
69,Q,D,0.5904
69,Q,E,0.6124
69,Q,F,0.7151
69,Q,G,0.6297
69,Q,H,0.63
69,Q,I,0.7129
69,Q,K,0.7008
69,Q,L,0.637
69,Q,M,0.7323
69,Q,N,0.6297
69,Q,P,0.1577
69,Q,R,0.7132
69,Q,S,0.7255
69,Q,T,0.6482
69,Q,V,0.743
69,Q,W,0.6785
69,Q,Y,0.7239
70,A,*,0.001935
70,A,C,0.2836
70,A,D,0.526
70,A,E,0.599
70,A,F,0.6909
70,A,G,0.6254
70,A,H,0.5491
70,A,I,0.6702
70,A,K,0.6222
70,A,L,0.67
70,A,M,0.6512
70,A,N,0.6782
70,A,P,0.4687
70,A,Q,0.6467
70,A,R,0.6124
70,A,S,0.7088
70,A,T,0.7735
70,A,V,0.6696
70,A,W,0.6534
70,A,Y,0.5937
71,G,*,-0.01026
71,G,A,0.5872
71,G,C,0.5951
71,G,D,0.6463
71,G,E,0.5808
71,G,F,0.6072
71,G,H,0.6119
71,G,I,0.6151
71,G,K,0.6793
71,G,L,0.6153
71,G,M,0.6185
71,G,N,0.6418
71,G,P,0.5851
71,G,Q,0.7119
71,G,R,0.6103
71,G,S,0.6313
71,G,T,0.6397
71,G,V,0.6746
71,G,W,0.5146
71,G,Y,0.5839
72,N,*,0.002682
72,N,A,0.6911
72,N,C,0.6408
72,N,D,0.6795
72,N,E,0.6012
72,N,F,0.6104
72,N,G,0.6896
72,N,H,0.6992
72,N,I,0.6545
72,N,K,0.679
72,N,L,0.6483
72,N,M,0.6281
72,N,P,0.7263
72,N,Q,0.6824
72,N,R,0.7084
72,N,S,0.6225
72,N,T,0.6355
72,N,V,0.6346
72,N,W,0.6912
72,N,Y,0.6572
73,V,*,0.007156
73,V,A,0.6824
73,V,C,0.6279
73,V,D,0.6495
73,V,E,0.639
73,V,F,0.6286
73,V,G,0.6192
73,V,H,0.5391
73,V,I,0.5434
73,V,K,0.6612
73,V,L,0.7597
73,V,M,0.6827
73,V,N,0.572
73,V,P,0.4847
73,V,Q,0.6121
73,V,R,0.6778
73,V,S,0.684
73,V,T,0.6311
73,V,W,0.7192
73,V,Y,0.6688
74,Q,*,-0.008465
74,Q,A,0.772
74,Q,C,0.5625
74,Q,D,0.6124
74,Q,E,0.6016
74,Q,F,0.6499
74,Q,G,0.6249
74,Q,H,0.5965
74,Q,I,0.6597
74,Q,K,0.6691
74,Q,L,0.6612
74,Q,M,0.6727
74,Q,N,0.6251
74,Q,P,0.5387
74,Q,R,0.6075
74,Q,S,0.6875
74,Q,T,0.7447
74,Q,V,0.7271
74,Q,W,0.661
74,Q,Y,0.7597
75,L,*,-0.01174
75,L,A,0.5938
75,L,C,0.5765
75,L,D,0.05749
75,L,E,0.3178
75,L,F,0.5981
75,L,G,0.3903
75,L,H,0.5291
75,L,I,0.7099
75,L,K,0.5652
75,L,M,0.5842
75,L,N,0.4769
75,L,P,0.5801
75,L,Q,0.5121
75,L,R,0.4691
75,L,S,0.4416
75,L,T,0.53
75,L,V,0.6409
75,L,W,0.4691
75,L,Y,0.6276
76,R,*,-0.003922
76,R,A,0.6559
76,R,C,0.6794
76,R,D,0.5923
76,R,E,0.6065
76,R,F,0.6753
76,R,G,0.5866
76,R,H,0.6955
76,R,I,0.6753
76,R,K,0.6542
76,R,L,0.6315
76,R,M,0.6654
76,R,N,0.6291
76,R,P,0.5897
76,R,Q,0.6144
76,R,S,0.6055
76,R,T,0.5968
76,R,V,0.7068
76,R,W,0.7137
76,R,Y,0.7224
77,V,*,0.001432
77,V,A,0.5385
77,V,C,0.6313
77,V,D,0.1888
77,V,E,0.2556
77,V,F,0.2222
77,V,G,0.2865
77,V,H,0.3055
77,V,I,0.5536
77,V,K,0.2583
77,V,L,0.5692
77,V,M,0.5125
77,V,N,0.3744
77,V,P,0.4717
77,V,Q,0.2726
77,V,R,0.09339
77,V,S,0.398
77,V,T,0.587
77,V,W,0.1828
77,V,Y,0.299
78,I,*,-0.02072
78,I,A,0.5708
78,I,C,0.6305
78,I,D,0.5575
78,I,E,0.5903
78,I,F,0.5694
78,I,G,0.5321
78,I,H,0.6081
78,I,K,0.5902
78,I,L,0.6557
78,I,M,0.5268
78,I,N,0.5533
78,I,P,0.08267
78,I,Q,0.5304
78,I,R,0.6425
78,I,S,0.6619
78,I,T,0.6644
78,I,V,0.5997
78,I,W,0.5748
78,I,Y,0.6053
79,G,*,0.009792
79,G,A,0.7123
79,G,C,0.6626
79,G,D,0.6999
79,G,E,0.7209
79,G,F,0.6315
79,G,H,0.3122
79,G,I,0.5701
79,G,K,0.596
79,G,L,0.5611
79,G,M,0.6166
79,G,N,0.6268
79,G,P,0.04858
79,G,Q,0.644
79,G,R,0.6747
79,G,S,0.6466
79,G,T,0.6611
79,G,V,0.6492
79,G,W,0.6206
79,G,Y,0.7261
80,H,*,-0.0126
80,H,A,0.5402
80,H,C,0.6598
80,H,D,0.4719
80,H,E,0.4812
80,H,F,0.6882
80,H,G,0.6312
80,H,I,0.7424
80,H,K,0.5326
80,H,L,0.5684
80,H,M,0.5855
80,H,N,0.6348
80,H,P,0.4556
80,H,Q,0.6703
80,H,R,0.5623
80,H,S,0.5645
80,H,T,0.5907
80,H,V,0.3918
80,H,W,0.5899
80,H,Y,0.5544
81,S,*,-0.01541
81,S,A,0.7516
81,S,C,0.6801
81,S,D,0.5715
81,S,E,0.7145
81,S,F,0.7007
81,S,G,0.6434
81,S,H,0.6744
81,S,I,0.7431
81,S,K,0.6829
81,S,L,0.8617
81,S,M,0.7214
81,S,N,0.5915
81,S,P,0.5638
81,S,Q,0.7108
81,S,R,0.6448
81,S,T,0.5406
81,S,V,0.6636
81,S,W,0.7249
81,S,Y,0.5699
82,M,*,0.01479
82,M,A,0.4656
82,M,C,0.4364
82,M,D,0.3824
82,M,E,0.3828
82,M,F,0.3763
82,M,G,0.4132
82,M,H,0.4299
82,M,I,0.4653
82,M,K,0.3749
82,M,L,0.5143
82,M,N,0.3125
82,M,P,0.4264
82,M,Q,0.4618
82,M,R,0.3575
82,M,S,0.4324
82,M,T,0.3695
82,M,V,0.444
82,M,W,0.2713
82,M,Y,0.3252
83,Q,*,-0.005796
83,Q,A,0.641
83,Q,C,0.6036
83,Q,D,0.6691
83,Q,E,0.6072
83,Q,F,0.71
83,Q,G,0.6597
83,Q,H,0.6442
83,Q,I,0.6304
83,Q,K,0.6333
83,Q,L,0.7139
83,Q,M,0.6604
83,Q,N,0.6053
83,Q,P,0.6069
83,Q,R,0.5723
83,Q,S,0.6597
83,Q,T,0.6696
83,Q,V,0.6115
83,Q,W,0.7264
83,Q,Y,0.6402
84,N,*,-0.01322
84,N,A,0.6883
84,N,C,0.5993
84,N,D,0.6158
84,N,E,0.5904
84,N,F,0.644
84,N,G,0.7377
84,N,H,0.6783
84,N,I,0.498
84,N,K,0.5972
84,N,L,0.5907
84,N,M,0.6671
84,N,P,0.08201
84,N,Q,0.5723
84,N,R,0.6106
84,N,S,0.7236
84,N,T,0.5783
84,N,V,0.577
84,N,W,0.5922
84,N,Y,0.6397
85,C,*,-0.004466
85,C,A,0.5727
85,C,D,0.06224
85,C,E,0.01651
85,C,F,0.2104
85,C,G,0.416
85,C,H,0.2777
85,C,I,0.2621
85,C,K,0.5373
85,C,L,0.1538
85,C,M,0.3131
85,C,N,0.3479
85,C,P,0.3024
85,C,Q,0.1972
85,C,R,0.2723
85,C,S,0.5378
85,C,T,0.6206
85,C,V,0.3128
85,C,W,-0.01873
85,C,Y,0.1754
86,V,*,-0.007948
86,V,A,0.8092
86,V,C,0.5988
86,V,D,0.6268
86,V,E,0.6874
86,V,F,0.5799
86,V,G,0.6834
86,V,H,0.7343
86,V,I,0.6874
86,V,K,0.5676
86,V,L,0.7159
86,V,M,0.07645
86,V,N,0.6413
86,V,P,0.03336
86,V,Q,0.6073
86,V,R,0.6832
86,V,S,0.7213
86,V,T,0.6726
86,V,W,0.04298
86,V,Y,0.5182
87,L,*,0.001636
87,L,A,0.3268
87,L,C,0.4186
87,L,D,0.007133
87,L,E,0.1283
87,L,F,0.5233
87,L,G,0.1032
87,L,H,0.1285
87,L,I,0.6448
87,L,K,0.02687
87,L,M,0.5834
87,L,N,0.1353
87,L,P,0.03125
87,L,Q,0.1964
87,L,R,0.006787
87,L,S,0.2932
87,L,T,0.4395
87,L,V,0.6796
87,L,W,0.117
87,L,Y,0.3132
88,K,*,-0.004561
88,K,A,0.6446
88,K,C,0.6367
88,K,D,0.5966
88,K,E,0.7028
88,K,F,0.7914
88,K,G,0.6246
88,K,H,0.6752
88,K,I,0.7784
88,K,L,0.6209
88,K,M,0.6026
88,K,N,0.6428
88,K,P,0.3336
88,K,Q,0.6832
88,K,R,0.6753
88,K,S,0.6992
88,K,T,0.7145
88,K,V,0.6817
88,K,W,0.6807
88,K,Y,0.7635
89,L,*,0.01445
89,L,A,0.3294
89,L,C,0.4601
89,L,D,0.004634
89,L,E,0.03855
89,L,F,0.6638
89,L,G,0.01443
89,L,H,0.05971
89,L,I,0.695
89,L,K,0.01872
89,L,M,0.5795
89,L,N,0.05386
89,L,P,0.02982
89,L,Q,0.04627
89,L,R,0.004762
89,L,S,0.06606
89,L,T,0.1714
89,L,V,0.5671
89,L,W,0.0911
89,L,Y,0.3139
90,K,*,0.004089
90,K,A,0.6462
90,K,C,0.6655
90,K,D,0.6447
90,K,E,0.6588
90,K,F,0.6941
90,K,G,0.6298
90,K,H,0.6729
90,K,I,0.6306
90,K,L,0.7491
90,K,M,0.6787
90,K,N,0.5378
90,K,P,0.4835
90,K,Q,0.7202
90,K,R,0.6214
90,K,S,0.6564
90,K,T,0.7107
90,K,V,0.7547
90,K,W,0.6948
90,K,Y,0.6233
91,V,*,-0.001693
91,V,A,0.5326
91,V,C,0.6605
91,V,D,0.014
91,V,E,0.007146
91,V,F,0.1003
91,V,G,0.1529
91,V,H,0.05913
91,V,I,0.695
91,V,K,0.03403
91,V,L,0.6469
91,V,M,0.5615
91,V,N,0.05306
91,V,P,0.05283
91,V,Q,0.06431
91,V,R,0.02024
91,V,S,0.4928
91,V,T,0.6638
91,V,W,0.02025
91,V,Y,0.03369
92,D,*,-0.003597
92,D,A,0.6474
92,D,C,0.7063
92,D,E,0.6968
92,D,F,0.6686
92,D,G,0.7491
92,D,H,0.6889
92,D,I,0.6758
92,D,K,0.6577
92,D,L,0.6905
92,D,M,0.6455
92,D,N,0.727
92,D,P,0.5852
92,D,Q,0.7039
92,D,R,0.6102
92,D,S,0.638
92,D,T,0.7358
92,D,V,0.6308
92,D,W,0.5555
92,D,Y,0.6551
93,T,*,-0.001463
93,T,A,0.7294
93,T,C,0.5436
93,T,D,0.6666
93,T,E,0.6884
93,T,F,0.69
93,T,G,0.6974
93,T,H,0.688
93,T,I,0.735
93,T,K,0.7301
93,T,L,0.6935
93,T,M,0.6339
93,T,N,0.717
93,T,P,0.5178
93,T,Q,0.6969
93,T,R,0.5831
93,T,S,0.6454
93,T,V,0.5451
93,T,W,0.5784
93,T,Y,0.7193
94,A,*,-0.02946
94,A,C,0.46
94,A,D,0.6239
94,A,E,0.6152
94,A,F,0.6595
94,A,G,0.6466
94,A,H,0.6047
94,A,I,0.6584
94,A,K,0.6772
94,A,L,0.7401
94,A,M,0.6272
94,A,N,0.6904
94,A,P,0.6651
94,A,Q,0.6575
94,A,R,0.7033
94,A,S,0.637
94,A,T,0.6389
94,A,V,0.6685
94,A,W,0.6895
94,A,Y,0.5782
95,N,*,-0.004558
95,N,A,0.2173
95,N,C,0.3993
95,N,D,0.118
95,N,E,0.03787
95,N,F,0.03158
95,N,G,0.1723
95,N,H,0.2603
95,N,I,0.02841
95,N,K,0.1732
95,N,L,0.09025
95,N,M,0.1915
95,N,P,0.03465
95,N,Q,0.3662
95,N,R,0.123
95,N,S,0.3263
95,N,T,0.03798
95,N,V,0.04024
95,N,W,0.02852
95,N,Y,0.1019
96,P,*,0.01085
96,P,A,0.7008
96,P,C,0.5983
96,P,D,0.6795
96,P,E,0.7053
96,P,F,0.7196
96,P,G,0.6019
96,P,H,0.6685
96,P,I,0.6929
96,P,K,0.6694
96,P,L,0.7012
96,P,M,0.6451
96,P,N,0.6524
96,P,Q,0.6829
96,P,R,0.6397
96,P,S,0.6977
96,P,T,0.7327
96,P,V,0.6728
96,P,W,0.7075
96,P,Y,0.7096
97,K,*,0.01572
97,K,A,0.603
97,K,C,0.5362
97,K,D,0.4993
97,K,E,0.482
97,K,F,0.5167
97,K,G,0.5391
97,K,H,0.5832
97,K,I,0.5752
97,K,L,0.7365
97,K,M,0.6196
97,K,N,0.6327
97,K,P,0.187
97,K,Q,0.6493
97,K,R,0.6885
97,K,S,0.5829
97,K,T,0.5429
97,K,V,0.6644
97,K,W,0.6192
97,K,Y,0.5799
98,T,*,0.03949
98,T,A,0.5
98,T,C,0.4814
98,T,D,0.2736
98,T,E,0.2862
98,T,F,0.2397
98,T,G,0.4408
98,T,H,0.2979
98,T,I,0.04594
98,T,K,0.3125
98,T,L,0.1767
98,T,M,0.4233
98,T,N,0.5378
98,T,P,0.1653
98,T,Q,0.4051
98,T,R,0.3037
98,T,S,0.3415
98,T,V,0.39
98,T,W,0.06652
98,T,Y,0.2586
99,P,*,0.04712
99,P,A,0.5022
99,P,C,0.6762
99,P,D,0.2093
99,P,E,0.3361
99,P,F,0.2419
99,P,G,0.4021
99,P,H,0.4183
99,P,I,0.4539
99,P,K,0.2177
99,P,L,0.2002
99,P,M,0.2903
99,P,N,0.3271
99,P,Q,0.3197
99,P,R,0.1832
99,P,S,0.4431
99,P,T,0.486
99,P,V,0.2546
99,P,W,0.2643
99,P,Y,0.3775
100,K,*,0.0807
100,K,A,0.6335
100,K,C,0.7146
100,K,D,0.6029
100,K,E,0.5736
100,K,F,0.6283
100,K,G,0.6558
100,K,H,0.6888
100,K,I,0.5927
100,K,L,0.6329
100,K,M,0.5328
100,K,N,0.6792
100,K,P,0.6004
100,K,Q,0.672
100,K,R,0.5861
100,K,S,0.6681
100,K,T,0.6519
100,K,V,0.7058
100,K,W,0.6499
100,K,Y,0.7154
101,Y,*,0.09521
101,Y,A,0.6027
101,Y,C,0.6783
101,Y,D,0.04766
101,Y,E,0.07979
101,Y,F,0.6484
101,Y,G,0.3677
101,Y,H,0.656
101,Y,I,0.3864
101,Y,K,0.4939
101,Y,L,0.5191
101,Y,M,0.564
101,Y,N,0.5746
101,Y,P,0.03699
101,Y,Q,0.4269
101,Y,R,0.5027
101,Y,S,0.601
101,Y,T,0.5158
101,Y,V,0.4882
101,Y,W,0.6973
102,K,*,0.1024
102,K,A,0.6984
102,K,C,0.6065
102,K,D,0.6491
102,K,E,0.692
102,K,F,0.5203
102,K,G,0.6629
102,K,H,0.6766
102,K,I,0.5845
102,K,L,0.5893
102,K,M,0.7403
102,K,N,0.5877
102,K,P,0.0148
102,K,Q,0.5328
102,K,R,0.6076
102,K,S,0.6868
102,K,T,0.5851
102,K,V,0.6909
102,K,W,0.4925
102,K,Y,0.5966
103,F,*,0.08101
103,F,A,0.5904
103,F,C,0.5951
103,F,D,0.1185
103,F,E,0.2874
103,F,G,0.4129
103,F,H,0.6505
103,F,I,0.6508
103,F,K,0.6018
103,F,L,0.7816
103,F,M,0.682
103,F,N,0.5688
103,F,P,0.3319
103,F,Q,0.5077
103,F,R,0.514
103,F,S,0.6143
103,F,T,0.5477
103,F,V,0.5882
103,F,W,0.5739
103,F,Y,0.495
104,V,*,0.08406
104,V,A,0.6247
104,V,C,0.6172
104,V,D,0.6082
104,V,E,0.5547
104,V,F,0.5305
104,V,G,0.4891
104,V,H,0.5884
104,V,I,0.6627
104,V,K,0.5725
104,V,L,0.6108
104,V,M,0.7205
104,V,N,0.6752
104,V,P,0.6366
104,V,Q,0.6678
104,V,R,0.6298
104,V,S,0.5021
104,V,T,0.5986
104,V,W,0.683
104,V,Y,0.5585
105,R,*,0.03583
105,R,A,0.4701
105,R,C,0.498
105,R,D,0.2739
105,R,E,0.3889
105,R,F,0.3794
105,R,G,0.362
105,R,H,0.5927
105,R,I,0.4532
105,R,K,0.5453
105,R,L,0.3592
105,R,M,0.4855
105,R,N,0.4807
105,R,P,0.3454
105,R,Q,0.4657
105,R,S,0.5211
105,R,T,0.6269
105,R,V,0.5407
105,R,W,0.3209
105,R,Y,0.372
106,I,*,0.06441
106,I,A,0.6727
106,I,C,0.7346
106,I,D,0.1612
106,I,E,0.5475
106,I,F,0.4721
106,I,G,0.4979
106,I,H,0.7039
106,I,K,0.3158
106,I,L,0.5703
106,I,M,0.7257
106,I,N,0.4737
106,I,P,0.2495
106,I,Q,0.4316
106,I,R,0.3979
106,I,S,0.6595
106,I,T,0.4494
106,I,V,0.5449
106,I,W,0.1331
106,I,Y,0.3469
107,Q,*,0.03973
107,Q,A,0.6822
107,Q,C,0.6999
107,Q,D,0.6246
107,Q,E,0.5722
107,Q,F,0.647
107,Q,G,0.5653
107,Q,H,0.6732
107,Q,I,0.6732
107,Q,K,0.5562
107,Q,L,0.6687
107,Q,M,0.7275
107,Q,N,0.6171
107,Q,P,0.6418
107,Q,R,0.5837
107,Q,S,0.7026
107,Q,T,0.6727
107,Q,V,0.5942
107,Q,W,0.5689
107,Q,Y,0.2172
108,P,*,-0.007509
108,P,A,0.6641
108,P,C,0.6206
108,P,D,0.27
108,P,E,0.4956
108,P,F,0.4802
108,P,G,0.6988
108,P,H,0.4064
108,P,I,0.4518
108,P,K,0.7644
108,P,L,0.4815
108,P,M,0.6561
108,P,N,0.5305
108,P,Q,0.5742
108,P,R,0.2746
108,P,S,0.659
108,P,T,0.5821
108,P,V,0.5307
108,P,W,0.3348
108,P,Y,0.5707
109,G,*,0.01803
109,G,A,0.251
109,G,C,0.1544
109,G,D,-0.002441
109,G,E,-0.00252
109,G,F,0.09764
109,G,H,0.03142
109,G,I,0.008815
109,G,K,0.00859
109,G,L,-0.0001165
109,G,M,0.02149
109,G,N,0.02295
109,G,P,0.04375
109,G,Q,0.004627
109,G,R,0.09933
109,G,S,0.2636
109,G,T,0.196
109,G,V,0.0094
109,G,W,0.02452
109,G,Y,0.1873
110,Q,*,0.02767
110,Q,A,0.732
110,Q,C,0.6687
110,Q,D,0.6825
110,Q,E,0.6148
110,Q,F,0.6272
110,Q,G,0.747
110,Q,H,0.6799
110,Q,I,0.2028
110,Q,K,0.3573
110,Q,L,0.5451
110,Q,M,0.6456
110,Q,N,0.6369
110,Q,P,0.007669
110,Q,R,0.4561
110,Q,S,0.6736
110,Q,T,0.5989
110,Q,V,0.2527
110,Q,W,0.6866
110,Q,Y,0.6248
111,T,*,0.05277
111,T,A,0.06097
111,T,C,0.06043
111,T,D,0.0007743
111,T,E,0.007859
111,T,F,0.01782
111,T,G,0.09824
111,T,H,-0.009601
111,T,I,0.001257
111,T,K,-0.01931
111,T,L,-0.01496
111,T,M,-0.0103
111,T,N,0.04296
111,T,P,-0.001494
111,T,Q,0.002008
111,T,R,0.001327
111,T,S,0.5546
111,T,V,-0.006688
111,T,W,0.004655
111,T,Y,-0.01542
112,F,*,0.04492
112,F,A,0.4486
112,F,C,0.594
112,F,D,0.02507
112,F,E,0.008569
112,F,G,0.01818
112,F,H,0.3156
112,F,I,0.609
112,F,K,0.02274
112,F,L,0.6539
112,F,M,0.6905
112,F,N,0.0512
112,F,P,0.01158
112,F,Q,0.4833
112,F,R,0.02674
112,F,S,0.06968
112,F,T,0.4664
112,F,V,0.6197
112,F,W,0.03659
112,F,Y,0.31
113,S,*,0.02526
113,S,A,0.09181
113,S,C,0.02223
113,S,D,-0.00176
113,S,E,-0.004198
113,S,F,0.005408
113,S,G,0.01969
113,S,H,-0.01417
113,S,I,-0.006812
113,S,K,-0.002096
113,S,L,0.00068
113,S,M,-0.008773
113,S,N,0.01493
113,S,P,0.01494
113,S,Q,0.003952
113,S,R,0.013
113,S,T,0.6723
113,S,V,0.00524
113,S,W,0.003196
113,S,Y,-0.001903
114,V,*,0.0225
114,V,A,0.5518
114,V,C,0.4826
114,V,D,0.004523
114,V,E,0.1625
114,V,F,-0.00666
114,V,G,0.08193
114,V,H,0.01936
114,V,I,0.5279
114,V,K,0.03345
114,V,L,0.3187
114,V,M,0.4829
114,V,N,0.3887
114,V,P,-0.004534
114,V,Q,0.2635
114,V,R,0.002042
114,V,S,0.444
114,V,T,0.5611
114,V,W,-0.002769
114,V,Y,0.009278
115,L,*,0.03711
115,L,A,0.01148
115,L,C,0.1832
115,L,D,-0.01277
115,L,E,-0.01844
115,L,F,-0.001341
115,L,G,-0.0129
115,L,H,-0.004459
115,L,I,0.1587
115,L,K,0.001283
115,L,M,0.1912
115,L,N,-0.006865
115,L,P,-0.006342
115,L,Q,-0.007586
115,L,R,-0.009778
115,L,S,-0.002075
115,L,T,-0.008889
115,L,V,0.2846
115,L,W,-0.004185
115,L,Y,0.007012
116,A,*,0.01332
116,A,C,0.7756
116,A,D,0.296
116,A,E,0.595
116,A,F,0.258
116,A,G,0.3136
116,A,H,0.1952
116,A,I,0.7369
116,A,K,0.1644
116,A,L,0.7945
116,A,M,0.4713
116,A,N,0.6436
116,A,P,0.4781
116,A,Q,0.6713
116,A,R,0.05604
116,A,S,0.6128
116,A,T,0.7328
116,A,V,0.8295
116,A,W,0.1432
116,A,Y,0.2605
117,C,*,0.01794
117,C,A,0.4408
117,C,D,-0.01935
117,C,E,0.007689
117,C,F,-0.01495
117,C,G,0.08946
117,C,H,0.002996
117,C,I,0.004675
117,C,K,0.005508
117,C,L,0.004277
117,C,M,0.0313
117,C,N,0.02229
117,C,P,-0.003678
117,C,Q,0.01791
117,C,R,-0.01486
117,C,S,0.4508
117,C,T,0.4053
117,C,V,0.1781
117,C,W,0.006781
117,C,Y,0.004472
118,Y,*,-0.01415
118,Y,A,0.06352
118,Y,C,0.05089
118,Y,D,0.02124
118,Y,E,0.03811
118,Y,F,0.2078
118,Y,G,0.009152
118,Y,H,0.04007
118,Y,I,0.184
118,Y,K,0.0132
118,Y,L,0.2266
118,Y,M,0.2269
118,Y,N,0.04933
118,Y,P,-0.002011
118,Y,Q,0.0583
118,Y,R,0.07421
118,Y,S,0.05078
118,Y,T,0.03993
118,Y,V,0.07369
118,Y,W,0.08422
119,N,*,0.01491
119,N,A,0.6383
119,N,C,0.7144
119,N,D,0.4794
119,N,E,0.6249
119,N,F,0.8867
119,N,G,0.7936
119,N,H,0.6033
119,N,I,0.453
119,N,K,0.5416
119,N,L,0.6982
119,N,M,0.7054
119,N,P,0.01141
119,N,Q,0.5853
119,N,R,0.6375
119,N,S,0.6435
119,N,T,0.5662
119,N,V,0.5465
119,N,W,0.7299
119,N,Y,0.7169
120,G,*,0.004323
120,G,A,0.3036
120,G,C,0.02588
120,G,D,0.01797
120,G,E,0.02313
120,G,F,0.01519
120,G,H,0.02789
120,G,I,0.01314
120,G,K,0.02267
120,G,L,0.02186
120,G,M,0.05385
120,G,N,0.02985
120,G,P,0.004693
120,G,Q,0.05128
120,G,R,0.06401
120,G,S,0.2629
120,G,T,0.009182
120,G,V,0.01734
120,G,W,-0.007045
120,G,Y,-0.00742
121,S,*,0.002473
121,S,A,0.7099
121,S,C,0.7119
121,S,D,0.5775
121,S,E,0.553
121,S,F,0.7318
121,S,G,0.4475
121,S,H,0.7374
121,S,I,0.6109
121,S,K,0.6261
121,S,L,0.7571
121,S,M,0.7527
121,S,N,0.657
121,S,P,0.0319
121,S,Q,0.7064
121,S,R,0.7675
121,S,T,0.6568
121,S,V,0.5969
121,S,W,0.7321
121,S,Y,0.8414
122,P,*,-0.0008431
122,P,A,0.5228
122,P,C,0.1886
122,P,D,0.004432
122,P,E,0.03527
122,P,F,0.1282
122,P,G,0.5146
122,P,H,0.09286
122,P,I,0.1066
122,P,K,0.02118
122,P,L,0.1158
122,P,M,0.0941
122,P,N,0.06822
122,P,Q,0.06482
122,P,R,-0.0006675
122,P,S,0.2871
122,P,T,0.08114
122,P,V,0.1687
122,P,W,0.1145
122,P,Y,0.1304
123,S,*,0.02456
123,S,A,0.7413
123,S,C,0.7236
123,S,D,0.2722
123,S,E,0.5138
123,S,F,0.8609
123,S,G,0.2901
123,S,H,0.7264
123,S,I,0.4652
123,S,K,0.4987
123,S,L,0.6071
123,S,M,0.4026
123,S,N,0.4673
123,S,P,0.005022
123,S,Q,0.6196
123,S,R,0.5234
123,S,T,0.5689
123,S,V,0.6023
123,S,W,0.5679
123,S,Y,0.3062
124,G,*,-0.003232
124,G,A,0.4562
124,G,C,0.23
124,G,D,0.04805
124,G,E,0.001499
124,G,F,0.5509
124,G,H,0.2844
124,G,I,-0.0009546
124,G,K,0.002393
124,G,L,0.08281
124,G,M,0.1956
124,G,N,0.2482
124,G,P,-0.01032
124,G,Q,0.06959
124,G,R,0.07341
124,G,S,0.4942
124,G,T,0.1212
124,G,V,0.0521
124,G,W,0.5612
124,G,Y,0.4607
125,V,*,0.02237
125,V,A,0.07519
125,V,C,0.1573
125,V,D,-0.0102
125,V,E,0.004742
125,V,F,-0.004386
125,V,G,0.01168
125,V,H,0.002233
125,V,I,0.5884
125,V,K,0.01642
125,V,L,0.4589
125,V,M,0.07844
125,V,N,0.05872
125,V,P,-0.004666
125,V,Q,0.0006162
125,V,R,-0.01594
125,V,S,0.1225
125,V,T,0.1281
125,V,W,-0.0002508
125,V,Y,-0.01068
126,Y,*,0.005006
126,Y,A,0.1158
126,Y,C,0.2964
126,Y,D,0.1883
126,Y,E,0.1137
126,Y,F,0.9293
126,Y,G,0.1736
126,Y,H,0.02816
126,Y,I,0.6175
126,Y,K,0.01084
126,Y,L,0.781
126,Y,M,0.7824
126,Y,N,0.08856
126,Y,P,-0.0192
126,Y,Q,0.3699
126,Y,R,0.02946
126,Y,S,0.2487
126,Y,T,0.208
126,Y,V,0.2444
126,Y,W,0.7661
127,Q,*,-0.007747
127,Q,A,0.5365
127,Q,C,0.4983
127,Q,D,0.004924
127,Q,E,-0.009751
127,Q,F,0.2448
127,Q,G,0.4063
127,Q,H,0.7318
127,Q,I,0.174
127,Q,K,0.168
127,Q,L,0.07463
127,Q,M,0.505
127,Q,N,0.4462
127,Q,P,0.4431
127,Q,R,0.06329
127,Q,S,0.6897
127,Q,T,0.4522
127,Q,V,0.5154
127,Q,W,0.1875
127,Q,Y,0.06538
128,C,*,-0.0008276
128,C,A,0.6375
128,C,D,0.06136
128,C,E,0.1861
128,C,F,0.2915
128,C,G,0.02694
128,C,H,0.334
128,C,I,0.521
128,C,K,0.02004
128,C,L,0.7867
128,C,M,0.299
128,C,N,0.4453
128,C,P,0.3452
128,C,Q,0.2087
128,C,R,0.007509
128,C,S,0.4961
128,C,T,0.3724
128,C,V,0.6797
128,C,W,0.06258
128,C,Y,0.5286
129,A,*,-0.005176
129,A,C,0.7131
129,A,D,0.0094
129,A,E,0.01335
129,A,F,0.03341
129,A,G,0.4124
129,A,H,0.008225
129,A,I,0.4229
129,A,K,-0.0163
129,A,L,0.2638
129,A,M,0.4926
129,A,N,0.03664
129,A,P,0.4886
129,A,Q,0.02808
129,A,R,-0.009059
129,A,S,0.2824
129,A,T,0.4014
129,A,V,0.6262
129,A,W,0.01963
129,A,Y,-0.01602
130,M,*,0.004255
130,M,A,0.2582
130,M,C,0.4142
130,M,D,0.03699
130,M,E,0.02983
130,M,F,0.05103
130,M,G,0.00716
130,M,H,0.09907
130,M,I,0.4189
130,M,K,0.03095
130,M,L,0.8158
130,M,N,0.005355
130,M,P,0.008396
130,M,Q,0.4474
130,M,R,0.01214
130,M,S,0.09146
130,M,T,0.04297
130,M,V,0.5828
130,M,W,0.008124
130,M,Y,0.2574
131,R,*,-0.00263
131,R,A,-0.0124
131,R,C,0.004392
131,R,D,-0.002658
131,R,E,-0.002126
131,R,F,-0.01574
131,R,G,0.004239
131,R,H,0.00144
131,R,I,0.001296
131,R,K,0.02141
131,R,L,0.01043
131,R,M,0.01471
131,R,N,-0.004451
131,R,P,0.006004
131,R,Q,-0.005576
131,R,S,-0.005698
131,R,T,-0.01354
131,R,V,-0.003688
131,R,W,0.0003467
131,R,Y,0.0006019
132,P,*,0.02759
132,P,A,0.4434
132,P,C,0.5656
132,P,D,0.0105
132,P,E,0.02579
132,P,F,0.5483
132,P,G,0.4464
132,P,H,0.5268
132,P,I,0.4775
132,P,K,0.3001
132,P,L,0.6961
132,P,M,0.6712
132,P,N,0.592
132,P,Q,0.1963
132,P,R,0.2816
132,P,S,0.3797
132,P,T,0.5687
132,P,V,0.3922
132,P,W,0.1615
132,P,Y,0.5801
133,N,*,0.001407
133,N,A,0.1614
133,N,C,0.1353
133,N,D,-0.01582
133,N,E,0.00296
133,N,F,-0.01206
133,N,G,0.06045
133,N,H,0.03237
133,N,I,0.1548
133,N,K,0.000881
133,N,L,0.002974
133,N,M,0.08766
133,N,P,0.002483
133,N,Q,0.1274
133,N,R,0.09972
133,N,S,0.1838
133,N,T,0.2468
133,N,V,0.2038
133,N,W,0.01189
133,N,Y,-0.009407
134,F,*,-0.009912
134,F,A,0.5661
134,F,C,0.6741
134,F,D,0.6312
134,F,E,0.6444
134,F,G,0.3588
134,F,H,0.7009
134,F,I,0.07999
134,F,K,0.7589
134,F,L,0.7931
134,F,M,0.7145
134,F,N,0.7212
134,F,P,0.008595
134,F,Q,0.711
134,F,R,0.6595
134,F,S,0.6935
134,F,T,0.5719
134,F,V,0.2261
134,F,W,0.648
134,F,Y,0.5988
135,T,*,-0.02294
135,T,A,0.4433
135,T,C,0.5527
135,T,D,0.003829
135,T,E,0.006885
135,T,F,0.1686
135,T,G,0.1963
135,T,H,0.09758
135,T,I,0.5225
135,T,K,-0.01859
135,T,L,0.1682
135,T,M,0.07986
135,T,N,0.1434
135,T,P,0.0003894
135,T,Q,0.0883
135,T,R,-0.01957
135,T,S,0.4766
135,T,V,0.5701
135,T,W,0.1489
135,T,Y,0.1725
136,I,*,0.008126
136,I,A,0.402
136,I,C,0.5172
136,I,D,0.0149
136,I,E,0.0032
136,I,F,0.3835
136,I,G,0.02718
136,I,H,0.6236
136,I,K,0.0332
136,I,L,0.2706
136,I,M,0.3091
136,I,N,0.7185
136,I,P,0.007655
136,I,Q,0.122
136,I,R,-0.01774
136,I,S,0.3647
136,I,T,0.5194
136,I,V,0.6342
136,I,W,0.01962
136,I,Y,0.1673
137,K,*,-0.01929
137,K,A,0.4113
137,K,C,0.5815
137,K,D,0.159
137,K,E,0.3005
137,K,F,0.6222
137,K,G,0.1808
137,K,H,0.7689
137,K,I,0.6476
137,K,L,0.6707
137,K,M,0.6233
137,K,N,0.6066
137,K,P,-0.01019
137,K,Q,0.6545
137,K,R,0.8615
137,K,S,0.4497
137,K,T,0.4904
137,K,V,0.3047
137,K,W,0.5461
137,K,Y,0.6985
138,G,*,0.003769
138,G,A,0.3053
138,G,C,0.07872
138,G,D,-0.002015
138,G,E,0.007584
138,G,F,0.02861
138,G,H,0.01548
138,G,I,0.003551
138,G,K,0.01307
138,G,L,0.01857
138,G,M,0.2426
138,G,N,0.0007101
138,G,P,0.00332
138,G,Q,-0.00322
138,G,R,-0.002765
138,G,S,0.1106
138,G,T,0.115
138,G,V,0.08738
138,G,W,0.002746
138,G,Y,0.01313
139,S,*,0.008617
139,S,A,0.512
139,S,C,0.5129
139,S,D,0.009208
139,S,E,0.06614
139,S,F,0.634
139,S,G,0.1984
139,S,H,0.2981
139,S,I,0.2967
139,S,K,0.1572
139,S,L,0.3294
139,S,M,0.5051
139,S,N,0.4133
139,S,P,0.2999
139,S,Q,0.3693
139,S,R,0.1698
139,S,T,0.4753
139,S,V,0.3071
139,S,W,0.5083
139,S,Y,0.5557
140,F,*,-0.005216
140,F,A,0.07742
140,F,C,0.3645
140,F,D,-0.02201
140,F,E,0.006892
140,F,G,0.0009439
140,F,H,0.2355
140,F,I,-0.004147
140,F,K,0.0006723
140,F,L,0.4977
140,F,M,0.8061
140,F,N,0.0338
140,F,P,-0.001865
140,F,Q,0.3549
140,F,R,-0.01019
140,F,S,0.0174
140,F,T,-0.0006023
140,F,V,-0.02208
140,F,W,0.01525
140,F,Y,0.1297
141,L,*,0.00962
141,L,A,0.6082
141,L,C,0.6157
141,L,D,0.6615
141,L,E,0.8496
141,L,F,0.5412
141,L,G,0.4612
141,L,H,0.7326
141,L,I,0.701
141,L,K,1.001
141,L,M,0.6778
141,L,N,0.6361
141,L,P,0.00646
141,L,Q,0.6408
141,L,R,1.022
141,L,S,0.5731
141,L,T,0.6924
141,L,V,0.5233
141,L,W,0.1885
141,L,Y,0.4672
142,N,*,-0.02183
142,N,A,0.778
142,N,C,0.5842
142,N,D,0.5611
142,N,E,0.5871
142,N,F,0.5933
142,N,G,0.5773
142,N,H,0.43
142,N,I,0.5853
142,N,K,0.5278
142,N,L,0.827
142,N,M,0.7913
142,N,P,0.7637
142,N,Q,0.66
142,N,R,0.5647
142,N,S,0.5147
142,N,T,0.5376
142,N,V,0.6801
142,N,W,0.5158
142,N,Y,0.5696
143,G,*,-0.009897
143,G,A,0.0361
143,G,C,0.006842
143,G,D,-0.002142
143,G,E,0.007493
143,G,F,-0.001416
143,G,H,0.005044
143,G,I,0.001774
143,G,K,0.001248
143,G,L,-0.02606
143,G,M,0.002527
143,G,N,-0.004605
143,G,P,0.01656
143,G,Q,-0.001967
143,G,R,-0.01905
143,G,S,0.01193
143,G,T,0.0006308
143,G,V,0.002232
143,G,W,0.03774
143,G,Y,0.01098
144,S,*,0.01729
144,S,A,0.3305
144,S,C,0.02598
144,S,D,0.0025
144,S,E,0.04788
144,S,F,0.1397
144,S,G,0.26
144,S,H,0.09936
144,S,I,0.004278
144,S,K,-0.007709
144,S,L,0.01351
144,S,M,0.1163
144,S,N,0.1353
144,S,P,0.02193
144,S,Q,0.04146
144,S,R,-0.008381
144,S,T,0.08054
144,S,V,-0.01044
144,S,W,0.05203
144,S,Y,0.186
145,C,*,0.001011
145,C,A,0.0368
145,C,D,-0.0216
145,C,E,0.0001384
145,C,F,-0.000954
145,C,G,-0.01039
145,C,H,0.009993
145,C,I,-0.006418
145,C,K,0.009867
145,C,L,0.004555
145,C,M,-0.01991
145,C,N,0.01219
145,C,P,0.004896
145,C,Q,-0.009993
145,C,R,0.004649
145,C,S,0.07127
145,C,T,-0.0004108
145,C,V,0.01787
145,C,W,0.00716
145,C,Y,-0.02105
146,G,*,-0.01301
146,G,A,-0.001341
146,G,C,0.0214
146,G,D,0.007905
146,G,E,-0.008429
146,G,F,0.02056
146,G,H,0.01234
146,G,I,0.01399
146,G,K,0.01668
146,G,L,0.02618
146,G,M,0.01775
146,G,N,0.02453
146,G,P,0.01601
146,G,Q,0.01057
146,G,R,0.02426
146,G,S,0.0206
146,G,T,0.05788
146,G,V,0.008974
146,G,W,0.01497
146,G,Y,0.01396
147,S,*,0.01067
147,S,A,0.02508
147,S,C,0.1026
147,S,D,0.07355
147,S,E,0.01174
147,S,F,0.01803
147,S,G,0.03548
147,S,H,-0.007259
147,S,I,0.004206
147,S,K,0.009915
147,S,L,0.01332
147,S,M,-0.0148
147,S,N,0.08003
147,S,P,0.01973
147,S,Q,0.02804
147,S,R,-0.008354
147,S,T,0.1362
147,S,V,0.03949
147,S,W,0.01076
147,S,Y,-0.005954
148,V,*,0.01737
148,V,A,0.554
148,V,C,0.5505
148,V,D,0.02481
148,V,E,0.02835
148,V,F,-0.01057
148,V,G,0.07934
148,V,H,0.04895
148,V,I,0.5131
148,V,K,0.01147
148,V,L,0.6451
148,V,M,0.6729
148,V,N,0.1172
148,V,P,0.7663
148,V,Q,0.2035
148,V,R,0.02588
148,V,S,0.4405
148,V,T,0.6226
148,V,W,-0.0007458
148,V,Y,0.002769
149,G,*,-0.01425
149,G,A,0.5654
149,G,C,0.07791
149,G,D,0.01391
149,G,E,0.005868
149,G,F,0.03221
149,G,H,0.01463
149,G,I,0.01487
149,G,K,0.006526
149,G,L,0.0228
149,G,M,0.02364
149,G,N,0.02085
149,G,P,0.002783
149,G,Q,0.02673
149,G,R,0.01722
149,G,S,0.04402
149,G,T,0.004001
149,G,V,0.004126
149,G,W,0.02739
149,G,Y,0.04042
150,F,*,-0.01844
150,F,A,0.009561
150,F,C,0.01991
150,F,D,0.0261
150,F,E,0.01542
150,F,G,0.0204
150,F,H,0.01549
150,F,I,0.02098
150,F,K,0.01677
150,F,L,-0.007897
150,F,M,0.01718
150,F,N,0.004233
150,F,P,0.00074
150,F,Q,0.009914
150,F,R,0.01148
150,F,S,0.005972
150,F,T,0.02238
150,F,V,0.01291
150,F,W,0.5598
150,F,Y,0.6639
151,N,*,0.001042
151,N,A,0.8307
151,N,C,0.7572
151,N,D,0.603
151,N,E,0.6723
151,N,F,0.8001
151,N,G,0.7065
151,N,H,0.7567
151,N,I,0.717
151,N,K,0.6524
151,N,L,0.7274
151,N,M,0.6662
151,N,P,0.02786
151,N,Q,0.7504
151,N,R,0.7427
151,N,S,0.7435
151,N,T,0.6285
151,N,V,0.7211
151,N,W,0.7998
151,N,Y,0.8879
152,I,*,-0.007727
152,I,A,0.2359
152,I,C,0.5136
152,I,D,0.1233
152,I,E,0.04412
152,I,F,0.4994
152,I,G,0.2199
152,I,H,0.3987
152,I,K,0.3033
152,I,L,0.8532
152,I,M,0.7118
152,I,N,0.3845
152,I,P,0.215
152,I,Q,0.3941
152,I,R,0.5079
152,I,S,0.2866
152,I,T,0.3261
152,I,V,0.5098
152,I,W,0.2166
152,I,Y,0.4638
153,D,*,-0.00431
153,D,A,0.5537
153,D,C,0.6467
153,D,E,0.6624
153,D,F,0.7334
153,D,G,0.5717
153,D,H,0.7111
153,D,I,0.677
153,D,K,0.5205
153,D,L,0.6111
153,D,M,0.6677
153,D,N,0.6987
153,D,P,0.4494
153,D,Q,0.6874
153,D,R,0.5284
153,D,S,0.6353
153,D,T,0.6458
153,D,V,0.7104
153,D,W,0.7804
153,D,Y,0.6626
154,Y,*,0.02174
154,Y,A,0.5661
154,Y,C,0.5802
154,Y,D,0.571
154,Y,E,0.5233
154,Y,F,0.5776
154,Y,G,0.6166
154,Y,H,0.6603
154,Y,I,0.6868
154,Y,K,0.5403
154,Y,L,0.5381
154,Y,M,0.4778
154,Y,N,0.6605
154,Y,P,0.4932
154,Y,Q,0.6543
154,Y,R,0.5979
154,Y,S,0.5589
154,Y,T,0.6547
154,Y,V,0.6152
154,Y,W,0.6713
155,D,*,-0.009581
155,D,A,0.5715
155,D,C,0.5639
155,D,E,0.5817
155,D,F,0.5598
155,D,G,0.5868
155,D,H,0.5941
155,D,I,0.4316
155,D,K,0.5386
155,D,L,0.5409
155,D,M,0.558
155,D,N,0.5669
155,D,P,0.454
155,D,Q,0.6155
155,D,R,0.5762
155,D,S,0.6416
155,D,T,0.622
155,D,V,0.4911
155,D,W,0.3316
155,D,Y,0.5227
156,C,*,0.01393
156,C,A,0.6108
156,C,D,0.5164
156,C,E,0.6383
156,C,F,0.6315
156,C,G,0.763
156,C,H,0.6367
156,C,I,0.6371
156,C,K,0.6498
156,C,L,0.5492
156,C,M,0.7238
156,C,N,0.5565
156,C,P,0.1057
156,C,Q,0.5716
156,C,R,0.647
156,C,S,0.6848
156,C,T,0.7413
156,C,V,0.653
156,C,W,0.5824
156,C,Y,0.6694
157,V,*,0.01173
157,V,A,0.4756
157,V,C,0.539
157,V,D,0.004188
157,V,E,0.02291
157,V,F,0.1231
157,V,G,0.00968
157,V,H,0.5507
157,V,I,0.642
157,V,K,0.03103
157,V,L,0.6696
157,V,M,0.4889
157,V,N,0.06074
157,V,P,0.1297
157,V,Q,0.3925
157,V,R,0.02274
157,V,S,0.1875
157,V,T,0.5109
157,V,W,0.7029
157,V,Y,0.127
158,S,*,-0.01052
158,S,A,0.6682
158,S,C,0.8316
158,S,D,0.6327
158,S,E,0.7554
158,S,F,0.3026
158,S,G,0.7028
158,S,H,0.5971
158,S,I,0.7565
158,S,K,0.6119
158,S,L,0.6894
158,S,M,0.5927
158,S,N,0.6616
158,S,P,0.1508
158,S,Q,0.6451
158,S,R,0.5964
158,S,T,0.4579
158,S,V,0.6312
158,S,W,0.7049
158,S,Y,0.3898
159,F,*,-0.01157
159,F,A,0.04869
159,F,C,0.2043
159,F,D,0.01178
159,F,E,0.008345
159,F,G,0.02832
159,F,H,0.02047
159,F,I,0.6224
159,F,K,0.01257
159,F,L,0.6866
159,F,M,0.6361
159,F,N,0.0123
159,F,P,0.03668
159,F,Q,0.01675
159,F,R,0.02016
159,F,S,0.01431
159,F,T,0.0224
159,F,V,0.7343
159,F,W,0.1407
159,F,Y,0.6035
160,C,*,-0.0007949
160,C,A,0.7299
160,C,D,0.5574
160,C,E,0.5069
160,C,F,0.6595
160,C,G,0.6689
160,C,H,0.458
160,C,I,0.694
160,C,K,0.4047
160,C,L,0.4522
160,C,M,0.7368
160,C,N,0.6644
160,C,P,0.5423
160,C,Q,0.6726
160,C,R,0.4907
160,C,S,0.6183
160,C,T,0.6778
160,C,V,0.7428
160,C,W,0.1499
160,C,Y,0.5258
161,Y,*,0.0002305
161,Y,A,0.007095
161,Y,C,0.03627
161,Y,D,0.01623
161,Y,E,-0.003647
161,Y,F,0.07397
161,Y,G,0.01291
161,Y,H,0.1755
161,Y,I,0.2051
161,Y,K,0.02426
161,Y,L,0.2633
161,Y,M,0.1932
161,Y,N,0.02188
161,Y,P,0.01355
161,Y,Q,0.002474
161,Y,R,0.02356
161,Y,S,0.006011
161,Y,T,0.05618
161,Y,V,0.2042
161,Y,W,0.03274
162,M,*,-0.003569
162,M,A,0.4323
162,M,C,0.8008
162,M,D,0.03093
162,M,E,0.1824
162,M,F,0.7537
162,M,G,0.01244
162,M,H,0.1895
162,M,I,0.6387
162,M,K,0.03184
162,M,L,0.5854
162,M,N,0.1521
162,M,P,0.01618
162,M,Q,0.5403
162,M,R,0.01675
162,M,S,0.5647
162,M,T,0.6897
162,M,V,0.6776
162,M,W,0.01298
162,M,Y,0.05291
163,H,*,-0.006431
163,H,A,-0.01282
163,H,C,-0.01227
163,H,D,-0.005155
163,H,E,-0.005607
163,H,F,-0.003277
163,H,G,0.01467
163,H,I,0.0105
163,H,K,-0.01492
163,H,L,0.01142
163,H,M,-0.001526
163,H,N,0.001415
163,H,P,0.001357
163,H,Q,0.03074
163,H,R,-0.02016
163,H,S,0.01136
163,H,T,-0.01896
163,H,V,0.008895
163,H,W,0.01323
163,H,Y,-0.009907
164,H,*,-0.006271
164,H,A,0.5856
164,H,C,0.8317
164,H,D,0.1294
164,H,E,0.3619
164,H,F,0.06
164,H,G,0.1982
164,H,I,0.1056
164,H,K,0.1198
164,H,L,0.05792
164,H,M,0.4149
164,H,N,0.2408
164,H,P,0.02706
164,H,Q,0.3764
164,H,R,-0.02582
164,H,S,0.1684
164,H,T,0.7455
164,H,V,0.6319
164,H,W,0.006355
164,H,Y,0.01568
165,M,*,-0.004374
165,M,A,0.3029
165,M,C,0.2889
165,M,D,-0.0002764
165,M,E,0.1223
165,M,F,0.03149
165,M,G,0.247
165,M,H,-0.007512
165,M,I,0.346
165,M,K,-0.0006559
165,M,L,0.5862
165,M,N,0.03389
165,M,P,0.01141
165,M,Q,0.105
165,M,R,-0.03047
165,M,S,0.1214
165,M,T,0.09919
165,M,V,0.395
165,M,W,0.004828
165,M,Y,0.01916
166,E,*,0.003154
166,E,A,0.5012
166,E,C,0.3083
166,E,D,0.0407
166,E,F,0.1327
166,E,G,0.4278
166,E,H,0.1973
166,E,I,0.2152
166,E,K,0.2223
166,E,L,0.5902
166,E,M,0.438
166,E,N,0.1125
166,E,P,0.00609
166,E,Q,0.6583
166,E,R,0.4958
166,E,S,0.2133
166,E,T,0.0231
166,E,V,0.3363
166,E,W,0.2051
166,E,Y,0.1482
167,L,*,-0.01915
167,L,A,0.1441
167,L,C,0.2085
167,L,D,0.07378
167,L,E,0.009932
167,L,F,0.3154
167,L,G,0.1599
167,L,H,0.2064
167,L,I,0.5554
167,L,K,0.01844
167,L,M,0.4312
167,L,N,0.008972
167,L,P,0.009634
167,L,Q,0.06398
167,L,R,0.01453
167,L,S,0.05654
167,L,T,0.2335
167,L,V,0.4407
167,L,W,0.2072
167,L,Y,0.008917
168,P,*,0.01804
168,P,A,1.067
168,P,C,1.02
168,P,D,1.022
168,P,E,0.7808
168,P,F,0.8253
168,P,G,1.245
168,P,H,1.018
168,P,I,0.8424
168,P,K,0.901
168,P,L,0.623
168,P,M,0.793
168,P,N,0.8974
168,P,Q,0.8057
168,P,R,0.9135
168,P,S,0.7997
168,P,T,0.7969
168,P,V,0.7104
168,P,W,0.8257
168,P,Y,0.9207
169,T,*,-0.009731
169,T,A,0.4875
169,T,C,0.5019
169,T,D,0.4903
169,T,E,0.5534
169,T,F,0.4812
169,T,G,0.51
169,T,H,0.4208
169,T,I,0.6095
169,T,K,0.417
169,T,L,0.4947
169,T,M,0.5034
169,T,N,0.4962
169,T,P,0.6263
169,T,Q,0.5641
169,T,R,0.3842
169,T,S,0.5657
169,T,V,0.6699
169,T,W,0.4838
169,T,Y,0.4995
170,G,*,0.007833
170,G,A,0.5623
170,G,C,0.541
170,G,D,0.08444
170,G,E,0.2325
170,G,F,0.5863
170,G,H,0.6127
170,G,I,0.7313
170,G,K,0.7887
170,G,L,0.6637
170,G,M,0.6958
170,G,N,0.3919
170,G,P,0.5277
170,G,Q,0.6719
170,G,R,0.8377
170,G,S,0.3687
170,G,T,0.5341
170,G,V,0.6305
170,G,W,0.5341
170,G,Y,0.5168
171,V,*,-0.002761
171,V,A,0.6484
171,V,C,0.5398
171,V,D,0.487
171,V,E,0.4848
171,V,F,0.4378
171,V,G,0.3631
171,V,H,0.5413
171,V,I,0.5856
171,V,K,0.4936
171,V,L,0.4846
171,V,M,0.5504
171,V,N,0.5171
171,V,P,0.4782
171,V,Q,0.4995
171,V,R,0.6021
171,V,S,0.5564
171,V,T,0.561
171,V,W,0.6377
171,V,Y,0.5492
172,H,*,-0.00696
172,H,A,0.1583
172,H,C,0.04501
172,H,D,0.07524
172,H,E,0.008017
172,H,F,0.3539
172,H,G,0.04205
172,H,I,-0.002251
172,H,K,0.06009
172,H,L,0.03241
172,H,M,0.03903
172,H,N,0.04087
172,H,P,-0.00603
172,H,Q,0.1721
172,H,R,0.01425
172,H,S,0.03286
172,H,T,0.01296
172,H,V,0.01242
172,H,W,-0.0106
172,H,Y,0.4135
173,A,*,0.01531
173,A,C,0.709
173,A,D,0.007476
173,A,E,0.04546
173,A,F,0.005053
173,A,G,0.6185
173,A,H,0.005728
173,A,I,0.01571
173,A,K,0.01119
173,A,L,0.07731
173,A,M,0.1121
173,A,N,0.1408
173,A,P,0.01809
173,A,Q,0.02815
173,A,R,-0.02557
173,A,S,0.6653
173,A,T,0.3713
173,A,V,0.3283
173,A,W,-0.003424
173,A,Y,-0.001755
174,G,*,-0.001683
174,G,A,0.01499
174,G,C,0.01519
174,G,D,0.01172
174,G,E,0.02604
174,G,F,0.02044
174,G,H,0.005454
174,G,I,0.0267
174,G,K,-0.001185
174,G,L,0.01618
174,G,M,0.01717
174,G,N,-0.001888
174,G,P,0.02942
174,G,Q,0.0002931
174,G,R,0.02087
174,G,S,0.001628
174,G,T,0.008687
174,G,V,0.01607
174,G,W,0.01345
174,G,Y,0.01855
175,T,*,0.01681
175,T,A,0.1634
175,T,C,0.307
175,T,D,0.02207
175,T,E,0.01464
175,T,F,0.005503
175,T,G,0.1597
175,T,H,-0.002083
175,T,I,0.08786
175,T,K,0.02552
175,T,L,0.01022
175,T,M,0.005144
175,T,N,-0.001339
175,T,P,0.0098
175,T,Q,0.02678
175,T,R,0.02592
175,T,S,0.3758
175,T,V,0.291
175,T,W,0.01109
175,T,Y,0.003827
176,D,*,0.00212
176,D,A,0.1043
176,D,C,0.6063
176,D,E,0.3222
176,D,F,0.02414
176,D,G,0.4035
176,D,H,0.03121
176,D,I,0.02644
176,D,K,0.005374
176,D,L,0.02335
176,D,M,0.01888
176,D,N,0.3689
176,D,P,0.01555
176,D,Q,0.01782
176,D,R,0.01347
176,D,S,0.524
176,D,T,0.5823
176,D,V,0.00988
176,D,W,0.02846
176,D,Y,0.02189
177,L,*,-0.007696
177,L,A,0.4654
177,L,C,0.3067
177,L,D,0.03665
177,L,E,0.01929
177,L,F,0.7065
177,L,G,0.405
177,L,I,0.7055
177,L,K,0.02745
177,L,M,0.5731
177,L,N,0.4285
177,L,P,0.631
177,L,Q,0.3008
177,L,R,0.01013
177,L,S,0.1765
177,L,T,0.3696
177,L,V,0.4059
177,L,W,0.582
177,L,Y,0.5236
178,E,*,-0.00266
178,E,A,0.6514
178,E,C,0.7417
178,E,D,0.7331
178,E,F,0.7156
178,E,G,0.6822
178,E,H,0.6834
178,E,I,0.5803
178,E,K,0.6289
178,E,L,0.6986
178,E,M,0.7407
178,E,N,0.6515
178,E,P,0.6311
178,E,Q,0.7172
178,E,R,0.6604
178,E,S,0.7311
178,E,T,0.6985
178,E,V,0.7819
178,E,W,0.6383
178,E,Y,0.7563
179,G,*,-0.01728
179,G,A,0.01398
179,G,C,0.01391
179,G,D,0.01526
179,G,E,0.01944
179,G,F,0.02697
179,G,H,0.01613
179,G,I,0.004281
179,G,K,0.02526
179,G,L,0.03874
179,G,M,-0.002657
179,G,N,0.01484
179,G,P,0.01491
179,G,Q,0.04484
179,G,R,0.02096
179,G,S,0.001248
179,G,T,0.01155
179,G,V,0.02493
179,G,W,0.003685
179,G,Y,0.03562
180,N,*,0.002851
180,N,A,0.7473
180,N,C,0.7277
180,N,D,0.7048
180,N,E,0.5716
180,N,F,0.4222
180,N,G,0.711
180,N,H,0.6509
180,N,I,0.6392
180,N,K,0.6431
180,N,L,0.7101
180,N,M,0.7215
180,N,P,0.04737
180,N,Q,0.6869
180,N,R,0.7322
180,N,S,0.5674
180,N,T,0.5977
180,N,V,0.7148
180,N,W,0.6735
180,N,Y,0.6811
181,F,*,-0.008357
181,F,A,-0.012
181,F,C,0.01376
181,F,D,-0.01219
181,F,E,0.02091
181,F,G,-0.00823
181,F,H,0.03315
181,F,I,0.3205
181,F,K,0.01101
181,F,L,0.146
181,F,M,0.6067
181,F,N,0.01832
181,F,P,-0.002978
181,F,Q,-0.004563
181,F,R,-0.005906
181,F,S,0.009908
181,F,T,0.05567
181,F,V,0.1253
181,F,W,0.2061
181,F,Y,0.3189
182,Y,*,-0.001056
182,Y,A,0.0278
182,Y,C,0.02884
182,Y,D,0.0057
182,Y,E,0.009421
182,Y,F,0.436
182,Y,G,0.003528
182,Y,H,0.2114
182,Y,I,0.2007
182,Y,K,0.03422
182,Y,L,0.2101
182,Y,M,0.08756
182,Y,N,0.01549
182,Y,P,0.005207
182,Y,Q,0.02204
182,Y,R,0.03075
182,Y,S,0.01442
182,Y,T,0.0317
182,Y,V,0.01959
182,Y,W,0.02311
183,G,*,0.005588
183,G,A,0.01523
183,G,C,0.007374
183,G,D,-0.01485
183,G,E,-0.01165
183,G,F,-0.009949
183,G,H,-0.01295
183,G,I,-0.02405
183,G,K,-0.009055
183,G,L,-0.0003154
183,G,M,-0.008705
183,G,N,-0.004273
183,G,P,0.02201
183,G,Q,-0.01085
183,G,R,-0.01573
183,G,S,-0.006453
183,G,T,0.007368
183,G,V,-0.02043
183,G,W,-0.02336
183,G,Y,-0.03034
184,P,*,0.009425
184,P,A,0.5098
184,P,C,0.5122
184,P,D,0.5815
184,P,E,0.4947
184,P,F,0.3487
184,P,G,0.564
184,P,H,0.622
184,P,I,0.3318
184,P,K,0.501
184,P,L,0.4028
184,P,M,0.4992
184,P,N,0.5393
184,P,Q,0.5086
184,P,R,0.492
184,P,S,0.5133
184,P,T,0.4726
184,P,V,0.3782
184,P,W,0.4624
184,P,Y,0.4695
185,F,*,-0.001043
185,F,A,0.01295
185,F,C,0.02477
185,F,D,0.0007454
185,F,E,0.007707
185,F,G,-0.007645
185,F,H,0.08281
185,F,I,0.01755
185,F,K,-0.001455
185,F,L,0.1165
185,F,M,0.04746
185,F,N,0.01398
185,F,P,-0.02012
185,F,Q,0.01187
185,F,R,0.03732
185,F,S,0.01513
185,F,T,0.01019
185,F,V,0.01829
185,F,W,0.4013
185,F,Y,0.4314
186,V,*,-0.0004611
186,V,A,0.4616
186,V,C,0.5057
186,V,D,0.4148
186,V,E,0.5625
186,V,F,0.6235
186,V,G,0.1664
186,V,H,0.4677
186,V,I,0.6846
186,V,K,0.5728
186,V,L,0.623
186,V,M,0.6054
186,V,N,0.3443
186,V,P,-0.001885
186,V,Q,0.5733
186,V,R,0.553
186,V,S,0.4389
186,V,T,0.554
186,V,W,0.4908
186,V,Y,0.7012
187,D,*,-0.02554
187,D,A,-0.01811
187,D,C,0.008678
187,D,E,-0.01606
187,D,F,0.0009717
187,D,G,0.001681
187,D,H,-0.004569
187,D,I,0.001528
187,D,K,-0.02549
187,D,L,0.005411
187,D,M,-0.008619
187,D,N,-0.02915
187,D,P,0.004652
187,D,Q,-0.02316
187,D,R,-0.02197
187,D,S,-0.01219
187,D,T,-0.01612
187,D,V,-0.002602
187,D,W,-0.01098
187,D,Y,0.001397
188,R,*,0.01093
188,R,A,0.7267
188,R,C,0.5205
188,R,D,0.218
188,R,E,0.5915
188,R,F,0.3889
188,R,G,0.2372
188,R,H,0.4242
188,R,I,0.5042
188,R,K,0.7059
188,R,L,0.3995
188,R,M,0.6302
188,R,N,0.4719
188,R,P,0.003665
188,R,Q,0.5724
188,R,S,0.5791
188,R,T,0.3805
188,R,V,0.5199
188,R,W,0.3534
188,R,Y,0.3574
189,Q,*,0.02812
189,Q,A,0.5623
189,Q,C,0.5843
189,Q,D,0.1579
189,Q,E,0.6725
189,Q,F,0.05658
189,Q,G,0.2953
189,Q,H,0.2935
189,Q,I,0.3828
189,Q,K,0.2838
189,Q,L,0.2895
189,Q,M,0.4701
189,Q,N,0.5153
189,Q,P,0.4224
189,Q,R,0.3395
189,Q,S,0.3786
189,Q,T,0.3975
189,Q,V,0.4859
189,Q,W,0.1115
189,Q,Y,0.1281
190,T,*,-0.003272
190,T,A,0.4578
190,T,C,0.6628
190,T,D,0.3707
190,T,E,0.4564
190,T,F,0.4107
190,T,G,0.241
190,T,H,0.3086
190,T,I,0.6569
190,T,K,0.4341
190,T,L,0.3988
190,T,M,0.5771
190,T,N,0.342
190,T,P,0.01043
190,T,Q,0.454
190,T,R,0.3909
190,T,S,0.6531
190,T,V,0.608
190,T,W,0.3792
190,T,Y,0.3476
191,A,*,-0.01274
191,A,C,0.6665
191,A,D,0.4264
191,A,E,0.5776
191,A,F,0.7991
191,A,G,0.3554
191,A,H,0.6476
191,A,I,0.6364
191,A,L,0.5459
191,A,M,0.6867
191,A,N,0.5313
191,A,P,0.7388
191,A,Q,0.5967
191,A,R,0.6156
191,A,S,0.5391
191,A,T,0.6013
191,A,V,0.7041
191,A,W,0.7707
191,A,Y,0.8125
192,Q,*,-0.0007314
192,Q,A,0.1158
192,Q,C,0.1491
192,Q,D,0.03521
192,Q,E,0.04646
192,Q,F,0.1339
192,Q,G,0.1098
192,Q,H,0.08369
192,Q,I,0.1596
192,Q,K,0.035
192,Q,L,0.1091
192,Q,M,0.2278
192,Q,N,0.1517
192,Q,P,0.09637
192,Q,R,0.03716
192,Q,S,0.08264
192,Q,T,0.1113
192,Q,V,0.1769
192,Q,W,0.09188
192,Q,Y,0.05719
193,A,*,0.009011
193,A,C,0.5079
193,A,D,0.558
193,A,E,0.717
193,A,F,0.8005
193,A,G,0.4524
193,A,H,0.6264
193,A,I,0.6281
193,A,K,0.6346
193,A,L,0.7158
193,A,M,0.6417
193,A,N,0.6566
193,A,P,0.4713
193,A,Q,0.6295
193,A,R,0.5588
193,A,S,0.7039
193,A,T,0.7303
193,A,V,0.7391
193,A,W,0.7495
193,A,Y,0.7614
194,A,*,0.002237
194,A,C,0.6087
194,A,D,0.06581
194,A,E,0.6028
194,A,F,0.4477
194,A,G,0.2673
194,A,H,0.3801
194,A,I,0.5705
194,A,K,0.09237
194,A,L,0.4656
194,A,M,0.4687
194,A,N,0.1664
194,A,P,0.5731
194,A,Q,0.352
194,A,R,0.1129
194,A,S,0.3754
194,A,T,0.4289
194,A,V,0.5998
194,A,W,0.3835
194,A,Y,0.4938
195,G,*,-0.01197
195,G,A,0.6981
195,G,C,0.555
195,G,D,0.6242
195,G,E,0.5895
195,G,F,0.2783
195,G,H,0.4582
195,G,I,0.332
195,G,K,0.5608
195,G,L,0.4631
195,G,M,0.5326
195,G,N,0.5655
195,G,P,0.5419
195,G,Q,0.6711
195,G,R,0.4309
195,G,S,0.6465
195,G,T,0.5135
195,G,V,0.4739
195,G,W,0.5694
195,G,Y,0.2035
196,T,*,0.000382
196,T,A,0.7201
196,T,C,0.6607
196,T,D,0.391
196,T,E,0.7132
196,T,F,0.6802
196,T,G,0.5831
196,T,H,0.7234
196,T,I,0.7461
196,T,K,0.645
196,T,L,0.69
196,T,M,0.7223
196,T,N,0.6596
196,T,P,0.7077
196,T,Q,0.6811
196,T,R,0.7911
196,T,S,0.6675
196,T,V,0.7486
196,T,W,0.6026
196,T,Y,0.6715
197,D,*,2.191e-05
197,D,A,0.004012
197,D,C,0.04047
197,D,E,0.1253
197,D,F,-0.01427
197,D,G,-0.005237
197,D,H,0.01743
197,D,I,0.002702
197,D,K,0.006109
197,D,L,0.001183
197,D,M,-0.002711
197,D,N,0.1828
197,D,P,-0.003835
197,D,Q,0.0002021
197,D,R,0.001598
197,D,S,0.01106
197,D,T,0.01344
197,D,V,0.004021
197,D,W,0.001909
197,D,Y,-0.02054
198,T,*,-0.004417
198,T,A,0.6346
198,T,C,0.6293
198,T,D,0.331
198,T,E,0.5221
198,T,F,0.7659
198,T,G,0.6475
198,T,H,0.4286
198,T,I,0.4947
198,T,K,0.6756
198,T,L,0.7047
198,T,M,0.7547
198,T,N,0.6884
198,T,P,0.2487
198,T,Q,0.6297
198,T,R,0.7785
198,T,S,0.7741
198,T,V,0.5113
198,T,W,0.6154
198,T,Y,0.745
199,T,*,-0.001569
199,T,A,0.7533
199,T,C,0.6542
199,T,D,0.5554
199,T,E,0.6395
199,T,F,0.6552
199,T,G,0.7855
199,T,H,0.6886
199,T,I,0.699
199,T,K,0.5901
199,T,L,0.6346
199,T,M,0.6304
199,T,N,0.7808
199,T,P,0.4324
199,T,Q,0.7227
199,T,R,0.6042
199,T,S,0.719
199,T,V,0.6593
199,T,W,0.7584
199,T,Y,0.7103
200,I,*,-0.01354
200,I,A,0.02699
200,I,C,0.1392
200,I,D,-0.008295
200,I,E,0.003495
200,I,F,0.441
200,I,G,0.001226
200,I,H,0.05641
200,I,K,0.01061
200,I,L,0.4296
200,I,M,0.5189
200,I,N,0.005777
200,I,P,0.01333
200,I,Q,0.01629
200,I,R,-0.003618
200,I,S,0.02863
200,I,T,0.02977
200,I,V,0.4622
200,I,W,0.4178
200,I,Y,0.1863
201,T,*,-0.0135
201,T,A,0.6067
201,T,C,0.6113
201,T,D,-0.0143
201,T,E,-0.006517
201,T,F,-0.01772
201,T,G,0.5552
201,T,H,0.002117
201,T,I,0.2274
201,T,K,-0.002495
201,T,L,0.3249
201,T,M,0.2338
201,T,N,0.08594
201,T,P,0.3883
201,T,Q,0.01171
201,T,R,-0.01545
201,T,S,0.6283
201,T,V,0.4689
201,T,W,-0.006873
201,T,Y,-0.01607
202,V,*,-0.00394
202,V,A,0.4514
202,V,C,0.6921
202,V,D,0.1827
202,V,E,0.4218
202,V,F,0.4534
202,V,G,0.4346
202,V,H,0.5319
202,V,I,0.6717
202,V,K,0.5342
202,V,L,0.5739
202,V,M,0.5569
202,V,N,0.4065
202,V,P,0.5704
202,V,Q,0.622
202,V,R,0.6938
202,V,S,0.5109
202,V,T,0.5119
202,V,W,0.7492
202,V,Y,0.3661
203,N,*,0.008302
203,N,A,-0.002745
203,N,C,-0.005759
203,N,D,0.001189
203,N,E,0.01065
203,N,F,0.01711
203,N,G,0.2866
203,N,H,0.003102
203,N,I,0.01208
203,N,K,-0.001199
203,N,L,0.008609
203,N,M,0.003716
203,N,P,0.01365
203,N,Q,0.001002
203,N,R,-0.001987
203,N,S,0.05334
203,N,T,-0.0006351
203,N,V,-0.007371
203,N,W,0.0007611
203,N,Y,0.004904
204,V,*,-0.00469
204,V,A,0.5715
204,V,C,0.5802
204,V,D,0.01298
204,V,E,0.02371
204,V,F,0.02089
204,V,G,0.2436
204,V,H,-0.0028
204,V,I,0.5456
204,V,K,-0.01284
204,V,L,0.3971
204,V,M,0.1516
204,V,N,0.1551
204,V,P,-0.005584
204,V,Q,0.312
204,V,R,-0.00853
204,V,S,0.4399
204,V,T,0.5644
204,V,W,-0.007883
204,V,Y,-0.01804
205,L,*,0.003376
205,L,A,0.4226
205,L,C,0.581
205,L,D,0.003392
205,L,E,0.0137
205,L,F,0.4863
205,L,G,0.02756
205,L,H,0.06408
205,L,I,0.7194
205,L,K,0.01122
205,L,M,0.6479
205,L,N,0.02895
205,L,P,-0.007068
205,L,Q,0.05213
205,L,R,-0.001565
205,L,S,0.03478
205,L,T,0.4296
205,L,V,0.6538
205,L,W,0.003234
205,L,Y,-0.003065
206,A,*,0.01136
206,A,C,0.3223
206,A,D,-0.005844
206,A,E,-0.004737
206,A,F,0.02558
206,A,G,0.5097
206,A,H,0.0001395
206,A,I,-0.01128
206,A,K,0.01217
206,A,L,0.006688
206,A,M,-0.01128
206,A,N,-0.0009784
206,A,P,-0.01202
206,A,Q,-0.002619
206,A,R,-0.00731
206,A,S,0.5652
206,A,T,0.2924
206,A,V,0.1278
206,A,W,0.01236
206,A,Y,-0.00638
207,W,*,-0.004208
207,W,A,0.2349
207,W,C,0.2822
207,W,D,-0.0208
207,W,E,0.006942
207,W,F,0.5604
207,W,G,0.1673
207,W,H,0.345
207,W,I,0.3149
207,W,K,0.03276
207,W,L,0.4162
207,W,M,0.2653
207,W,N,0.118
207,W,P,-0.01397
207,W,Q,0.08448
207,W,R,0.08636
207,W,S,0.1509
207,W,T,0.1177
207,W,V,0.3652
207,W,Y,0.6096
208,L,*,-0.0036
208,L,A,0.2855
208,L,C,0.5924
208,L,D,0.01235
208,L,E,0.01272
208,L,F,0.5904
208,L,G,0.04173
208,L,H,0.01071
208,L,I,0.3229
208,L,K,-0.004478
208,L,M,0.6898
208,L,N,0.009038
208,L,P,-0.00779
208,L,Q,0.3833
208,L,R,0.0009942
208,L,S,0.0629
208,L,T,0.2726
208,L,V,0.1879
208,L,W,0.01774
208,L,Y,0.008368
209,Y,*,-0.01512
209,Y,A,0.0386
209,Y,C,0.1323
209,Y,D,-0.01073
209,Y,E,-0.002992
209,Y,F,0.6162
209,Y,G,0.01086
209,Y,H,0.1496
209,Y,I,-0.001736
209,Y,K,0.0051
209,Y,L,0.05653
209,Y,M,0.3735
209,Y,N,0.1787
209,Y,P,0.01718
209,Y,Q,0.2004
209,Y,R,-0.03663
209,Y,S,0.06079
209,Y,T,-0.002061
209,Y,V,-0.01397
209,Y,W,0.1003
210,A,*,0.009509
210,A,C,0.2868
210,A,D,-0.01555
210,A,E,0.002335
210,A,F,0.11
210,A,G,0.4842
210,A,H,0.06067
210,A,I,0.1717
210,A,K,-0.002007
210,A,L,0.06792
210,A,M,0.1208
210,A,N,0.0609
210,A,P,-0.0318
210,A,Q,0.03408
210,A,R,-0.003114
210,A,S,0.1188
210,A,T,0.1378
210,A,V,0.237
210,A,W,0.0308
210,A,Y,0.1176
211,A,*,0.01881
211,A,C,0.4486
211,A,D,0.008755
211,A,E,0.04184
211,A,F,0.06456
211,A,G,0.5374
211,A,H,0.2466
211,A,I,0.1325
211,A,K,0.2488
211,A,L,0.2431
211,A,M,0.3283
211,A,N,0.268
211,A,P,0.006571
211,A,Q,0.3021
211,A,R,0.2963
211,A,S,0.6153
211,A,T,0.1754
211,A,V,0.1163
211,A,W,0.07547
211,A,Y,0.04419
212,V,*,0.006639
212,V,A,0.6829
212,V,C,0.7048
212,V,D,0.5014
212,V,E,0.6195
212,V,F,0.6449
212,V,G,0.3767
212,V,H,0.6522
212,V,I,0.6496
212,V,K,0.4315
212,V,L,0.5199
212,V,M,0.5813
212,V,N,0.5322
212,V,P,-0.02038
212,V,Q,0.5783
212,V,R,0.3999
212,V,S,0.623
212,V,T,0.6712
212,V,W,0.6075
212,V,Y,0.5193
213,I,*,-0.002445
213,I,A,0.4405
213,I,C,0.4634
213,I,D,0.3563
213,I,E,0.4391
213,I,F,0.5165
213,I,G,0.3925
213,I,H,0.497
213,I,K,0.5051
213,I,L,0.6471
213,I,M,0.5789
213,I,N,0.4586
213,I,P,0.1279
213,I,Q,0.4838
213,I,R,0.4004
213,I,S,0.4463
213,I,T,0.4871
213,I,V,0.5627
213,I,W,0.686
213,I,Y,0.5153
214,N,*,-0.0002328
214,N,A,0.3605
214,N,C,0.5375
214,N,D,0.4299
214,N,E,0.513
214,N,F,0.3503
214,N,G,0.3717
214,N,H,0.456
214,N,I,0.5093
214,N,K,0.8316
214,N,L,0.4751
214,N,M,0.5257
214,N,P,0.00444
214,N,Q,0.6048
214,N,R,0.4279
214,N,S,0.4272
214,N,T,0.481
214,N,V,0.4686
214,N,W,0.3539
214,N,Y,0.3479
215,G,*,-0.007722
215,G,A,0.6445
215,G,C,0.5835
215,G,D,0.6618
215,G,E,0.6355
215,G,F,0.5283
215,G,H,0.665
215,G,I,0.1
215,G,K,0.7007
215,G,L,0.471
215,G,M,0.6108
215,G,N,0.7277
215,G,P,0.02041
215,G,Q,0.6777
215,G,R,0.7188
215,G,S,0.6884
215,G,T,0.5059
215,G,V,0.2724
215,G,W,0.4754
215,G,Y,0.6332
216,D,*,0.005306
216,D,C,0.487
216,D,E,0.6843
216,D,F,0.361
216,D,G,0.343
216,D,H,0.6492
216,D,I,0.434
216,D,K,0.2888
216,D,L,0.1086
216,D,M,0.2077
216,D,N,0.5829
216,D,P,0.03691
216,D,Q,0.5919
216,D,R,0.3313
216,D,S,0.5077
216,D,T,0.3332
216,D,V,0.5332
216,D,W,0.2697
216,D,Y,0.5494
217,R,*,0.01013
217,R,A,0.5087
217,R,C,0.7095
217,R,D,0.7399
217,R,E,0.7273
217,R,F,0.8402
217,R,G,0.7207
217,R,H,0.7538
217,R,I,0.8078
217,R,K,0.5345
217,R,L,0.7102
217,R,M,0.7845
217,R,N,0.7418
217,R,P,0.7252
217,R,Q,0.6326
217,R,S,0.7229
217,R,T,0.7859
217,R,V,0.6677
217,R,W,0.9226
217,R,Y,0.7661
218,W,*,0.009723
218,W,A,0.5842
218,W,C,0.5766
218,W,D,0.5465
218,W,E,0.528
218,W,F,0.5814
218,W,G,0.5587
218,W,H,0.5968
218,W,I,0.3701
218,W,K,0.5331
218,W,L,0.4475
218,W,M,0.5129
218,W,N,0.5351
218,W,P,0.203
218,W,Q,0.5876
218,W,R,0.5148
218,W,S,0.6364
218,W,T,0.6346
218,W,V,0.4308
218,W,Y,0.526
219,F,*,0.002875
219,F,A,0.1448
219,F,C,0.3142
219,F,D,0.1542
219,F,E,0.2065
219,F,G,0.1203
219,F,H,0.6122
219,F,I,0.4991
219,F,K,0.09824
219,F,L,0.3431
219,F,M,0.5923
219,F,N,0.1046
219,F,P,0.2259
219,F,Q,0.2173
219,F,R,0.0973
219,F,S,0.1122
219,F,T,0.1445
219,F,V,0.3155
219,F,W,0.7755
219,F,Y,0.6007
220,L,*,-0.001999
220,L,A,0.6097
220,L,C,0.6357
220,L,D,0.5697
220,L,E,0.6942
220,L,F,0.6159
220,L,G,0.5458
220,L,H,0.669
220,L,I,0.6608
220,L,K,0.6184
220,L,M,0.6976
220,L,N,0.6014
220,L,P,0.2705
220,L,Q,0.6273
220,L,R,0.5361
220,L,S,0.5941
220,L,T,0.6079
220,L,V,0.6684
220,L,W,0.5452
220,L,Y,0.6579
221,N,*,0.01585
221,N,A,0.6116
221,N,C,0.6596
221,N,D,0.5762
221,N,E,0.6669
221,N,F,0.4126
221,N,G,0.6531
221,N,H,0.6651
221,N,I,0.6236
221,N,K,0.6709
221,N,L,0.5546
221,N,M,0.6601
221,N,P,0.6442
221,N,Q,0.6349
221,N,R,0.6418
221,N,S,0.5881
221,N,T,0.7139
221,N,V,0.5931
221,N,W,0.6678
221,N,Y,0.626
222,R,*,0.01885
222,R,A,0.637
222,R,C,0.5828
222,R,D,0.5915
222,R,E,0.6241
222,R,F,0.6833
222,R,G,0.6381
222,R,H,0.6665
222,R,I,0.6672
222,R,K,0.5816
222,R,L,0.6053
222,R,M,0.7056
222,R,N,0.618
222,R,P,0.6419
222,R,Q,0.5729
222,R,S,0.6614
222,R,T,0.6873
222,R,V,0.6071
222,R,W,0.7773
222,R,Y,0.7632
223,F,*,0.0199
223,F,A,0.6082
223,F,C,0.6281
223,F,D,0.5937
223,F,G,0.6461
223,F,H,0.6653
223,F,I,0.5938
223,F,K,0.5917
223,F,L,0.6151
223,F,M,0.5465
223,F,N,0.6101
223,F,P,0.5752
223,F,Q,0.6
223,F,R,0.6188
223,F,S,0.6542
223,F,T,0.5996
223,F,V,0.5934
223,F,W,0.6692
223,F,Y,0.6207
224,T,*,0.01329
224,T,A,0.6768
224,T,C,0.6501
224,T,D,0.6373
224,T,E,0.6814
224,T,F,0.6457
224,T,G,0.6891
224,T,H,0.7029
224,T,I,0.7014
224,T,K,0.5576
224,T,L,0.6264
224,T,M,0.7099
224,T,N,0.6806
224,T,P,0.6667
224,T,Q,0.6597
224,T,R,0.7305
224,T,S,0.5673
224,T,V,0.6272
224,T,W,0.747
224,T,Y,0.7244
225,T,*,0.001108
225,T,A,0.6113
225,T,C,0.6945
225,T,D,0.617
225,T,E,0.5949
225,T,F,0.611
225,T,G,0.5937
225,T,H,0.5276
225,T,I,0.7058
225,T,K,0.3442
225,T,L,0.6276
225,T,M,0.6105
225,T,N,0.5385
225,T,P,0.5843
225,T,Q,0.6243
225,T,R,0.3715
225,T,S,0.6242
225,T,V,0.6315
225,T,W,0.6623
225,T,Y,0.6911
226,T,*,0.01059
226,T,A,0.6194
226,T,C,0.5972
226,T,D,0.626
226,T,E,0.6587
226,T,F,0.4296
226,T,G,0.6662
226,T,H,0.6601
226,T,I,0.4935
226,T,K,0.6928
226,T,L,0.5258
226,T,M,0.5733
226,T,N,0.6391
226,T,P,0.6173
226,T,Q,0.663
226,T,R,0.6533
226,T,S,0.6567
226,T,V,0.6142
226,T,W,0.3162
226,T,Y,0.5676
227,L,*,0.001439
227,L,A,0.5995
227,L,C,0.5926
227,L,D,0.5407
227,L,E,0.5651
227,L,F,0.6118
227,L,G,0.5114
227,L,H,0.5704
227,L,I,0.6147
227,L,K,0.5781
227,L,M,0.5819
227,L,N,0.4679
227,L,P,0.5716
227,L,Q,0.5573
227,L,R,0.6564
227,L,S,0.5798
227,L,T,0.5753
227,L,V,0.6362
227,L,W,0.6638
227,L,Y,0.6449
228,N,*,0.0342
228,N,A,0.7354
228,N,C,0.6345
228,N,D,0.472
228,N,E,0.6968
228,N,F,0.7381
228,N,G,0.715
228,N,H,0.6446
228,N,I,0.6492
228,N,K,0.6991
228,N,L,0.6267
228,N,M,0.6851
228,N,P,0.6229
228,N,Q,0.6402
228,N,R,0.6152
228,N,S,0.6698
228,N,T,0.7042
228,N,V,0.568
228,N,W,0.7375
228,N,Y,0.7216
229,D,*,-0.0007236
229,D,A,0.6855
229,D,C,0.7946
229,D,E,0.6505
229,D,F,0.5884
229,D,G,0.6708
229,D,H,0.7319
229,D,I,0.667
229,D,K,0.6244
229,D,L,0.679
229,D,M,0.722
229,D,N,0.6187
229,D,P,0.3593
229,D,Q,0.6467
229,D,R,0.6815
229,D,S,0.7446
229,D,T,0.7437
229,D,V,0.6765
229,D,W,0.5463
229,D,Y,0.6313
230,F,*,-0.007694
230,F,A,0.2669
230,F,C,0.3276
230,F,D,0.005413
230,F,E,0.007079
230,F,G,0.02314
230,F,H,0.1786
230,F,I,0.6122
230,F,K,0.009667
230,F,L,0.5493
230,F,M,0.6369
230,F,N,-0.005793
230,F,P,0.002819
230,F,Q,0.05939
230,F,R,-0.001508
230,F,S,0.05581
230,F,T,0.3537
230,F,V,0.5736
230,F,W,0.6278
230,F,Y,0.525
231,N,*,-0.004779
231,N,A,0.525
231,N,C,0.5396
231,N,D,0.4412
231,N,E,0.5113
231,N,F,0.179
231,N,G,0.4548
231,N,H,0.5451
231,N,I,0.2688
231,N,K,0.5265
231,N,L,0.3121
231,N,M,0.4266
231,N,P,0.08906
231,N,Q,0.5947
231,N,R,0.5029
231,N,S,0.5529
231,N,T,0.5088
231,N,V,0.3329
231,N,W,0.2582
231,N,Y,0.37
232,L,*,-0.002131
232,L,A,0.6278
232,L,C,0.6447
232,L,D,0.6386
232,L,E,0.6119
232,L,F,0.6752
232,L,G,0.647
232,L,H,0.6633
232,L,I,0.6267
232,L,K,0.6645
232,L,M,0.6842
232,L,N,0.6218
232,L,P,0.5799
232,L,Q,0.6624
232,L,R,0.6622
232,L,S,0.6387
232,L,T,0.666
232,L,V,0.5762
232,L,W,0.7544
232,L,Y,0.661
233,V,*,-0.007669
233,V,A,0.7083
233,V,C,0.6493
233,V,D,0.7436
233,V,E,0.6485
233,V,F,0.6709
233,V,G,0.7206
233,V,H,0.6369
233,V,I,0.6706
233,V,K,0.6859
233,V,L,0.5948
233,V,M,0.6159
233,V,N,0.6016
233,V,P,0.4294
233,V,Q,0.63
233,V,R,0.5686
233,V,S,0.6474
233,V,T,0.6257
233,V,W,0.7079
233,V,Y,0.6992
234,A,*,-0.0185
234,A,C,0.7056
234,A,D,0.03626
234,A,E,0.04241
234,A,F,0.551
234,A,G,0.7043
234,A,H,0.4411
234,A,I,0.6672
234,A,K,0.08055
234,A,L,0.583
234,A,M,0.7105
234,A,N,0.539
234,A,P,0.06075
234,A,Q,0.2384
234,A,R,0.5797
234,A,S,0.636
234,A,T,0.7464
234,A,V,0.7069
234,A,W,0.4199
234,A,Y,0.4473
235,M,*,-0.00613
235,M,A,0.5813
235,M,C,0.5587
235,M,D,0.5782
235,M,E,0.6231
235,M,F,0.622
235,M,G,0.5416
235,M,H,0.6622
235,M,I,0.6914
235,M,K,0.6599
235,M,L,0.5845
235,M,N,0.6675
235,M,P,0.655
235,M,Q,0.6307
235,M,R,0.6994
235,M,S,0.6841
235,M,T,0.6341
235,M,V,0.621
235,M,W,0.7102
235,M,Y,0.6659
236,K,*,0.003827
236,K,A,0.6294
236,K,C,0.6666
236,K,D,0.5881
236,K,E,0.6429
236,K,F,0.7172
236,K,G,0.6046
236,K,H,0.6613
236,K,I,0.6602
236,K,L,0.632
236,K,M,0.7361
236,K,N,0.6627
236,K,P,0.5635
236,K,Q,0.6426
236,K,R,0.6442
236,K,S,0.72
236,K,T,0.6522
236,K,V,0.6539
236,K,W,0.6299
236,K,Y,0.7432
237,Y,*,0.01142
237,Y,A,0.6705
237,Y,C,0.6554
237,Y,D,0.5764
237,Y,E,0.673
237,Y,F,0.6551
237,Y,G,0.5793
237,Y,H,0.5979
237,Y,I,0.5849
237,Y,K,0.729
237,Y,L,0.6726
237,Y,M,0.6702
237,Y,N,0.7716
237,Y,P,0.05947
237,Y,Q,0.6512
237,Y,R,0.6595
237,Y,S,0.6009
237,Y,T,0.6214
237,Y,V,0.5688
237,Y,W,0.6751
238,N,*,-0.01038
238,N,A,0.6347
238,N,C,0.6494
238,N,D,0.7241
238,N,E,0.6781
238,N,F,0.6645
238,N,G,0.65
238,N,H,0.6719
238,N,I,0.5483
238,N,K,0.6605
238,N,L,0.7474
238,N,M,0.6122
238,N,P,0.405
238,N,Q,0.727
238,N,R,0.661
238,N,S,0.6746
238,N,T,0.6503
238,N,V,0.5237
238,N,W,0.7341
238,N,Y,0.727
239,Y,*,0.003184
239,Y,A,0.7981
239,Y,C,0.7818
239,Y,D,0.0376
239,Y,E,0.05531
239,Y,F,0.7248
239,Y,G,0.7594
239,Y,H,0.6769
239,Y,I,0.7142
239,Y,K,0.2055
239,Y,L,0.8134
239,Y,M,0.8065
239,Y,N,0.6491
239,Y,P,0.007239
239,Y,Q,0.6295
239,Y,R,0.08513
239,Y,S,0.7024
239,Y,T,0.6882
239,Y,V,0.6622
239,Y,W,0.703
240,E,*,-0.02379
240,E,A,0.6098
240,E,C,0.6081
240,E,D,0.687
240,E,F,0.5653
240,E,G,0.7234
240,E,H,0.6516
240,E,I,0.8073
240,E,K,0.5056
240,E,L,0.7012
240,E,M,0.6981
240,E,N,0.816
240,E,P,0.06298
240,E,Q,0.4119
240,E,R,0.3402
240,E,S,0.7007
240,E,T,0.6473
240,E,V,0.7431
240,E,W,0.6943
240,E,Y,0.5545
241,P,*,-0.01492
241,P,A,0.5107
241,P,C,0.604
241,P,D,0.6033
241,P,E,0.4223
241,P,F,0.6238
241,P,G,0.6637
241,P,H,0.6616
241,P,I,0.6778
241,P,K,0.6497
241,P,L,0.6255
241,P,M,0.6203
241,P,N,0.5435
241,P,Q,0.6084
241,P,R,0.7181
241,P,S,0.669
241,P,T,0.6275
241,P,V,0.6376
241,P,W,0.6254
241,P,Y,0.7097
242,L,*,0.00297
242,L,A,0.4416
242,L,C,0.6248
242,L,D,-0.003148
242,L,E,0.02272
242,L,F,0.6249
242,L,G,0.009328
242,L,H,0.007815
242,L,I,0.7001
242,L,K,0.007769
242,L,M,0.5933
242,L,N,0.005237
242,L,P,0.003776
242,L,Q,0.02716
242,L,R,-0.01044
242,L,S,0.01157
242,L,T,0.3525
242,L,V,0.6928
242,L,W,0.007546
242,L,Y,-0.007669
243,T,*,0.002416
243,T,A,0.7209
243,T,C,0.6017
243,T,D,0.5743
243,T,E,0.625
243,T,F,0.3045
243,T,G,0.5572
243,T,H,0.626
243,T,I,0.6761
243,T,K,0.7144
243,T,L,0.7244
243,T,M,0.5885
243,T,N,0.5803
243,T,P,0.5086
243,T,Q,0.6304
243,T,R,0.7774
243,T,S,0.6315
243,T,V,0.6765
243,T,W,0.7005
243,T,Y,0.6797
244,Q,*,-0.01036
244,Q,A,0.6964
244,Q,C,0.6303
244,Q,D,0.731
244,Q,E,0.7041
244,Q,F,0.6999
244,Q,G,0.637
244,Q,H,0.6463
244,Q,I,0.5841
244,Q,K,0.6656
244,Q,L,0.6401
244,Q,M,0.5673
244,Q,N,0.6668
244,Q,P,0.677
244,Q,R,0.7018
244,Q,S,0.6668
244,Q,T,0.68
244,Q,V,0.6935
244,Q,W,0.6965
244,Q,Y,0.7552
245,D,*,-0.01749
245,D,A,0.6919
245,D,C,0.651
245,D,E,0.6465
245,D,F,0.6835
245,D,G,0.6359
245,D,H,0.6943
245,D,I,0.649
245,D,K,0.6173
245,D,L,0.6515
245,D,M,0.6831
245,D,N,0.6449
245,D,P,0.5889
245,D,Q,0.664
245,D,R,0.7055
245,D,S,0.693
245,D,T,0.6146
245,D,V,0.651
245,D,Y,0.6606
246,H,*,-0.0319
246,H,A,0.6696
246,H,C,0.5743
246,H,D,0.6054
246,H,E,0.6388
246,H,F,0.5442
246,H,G,0.6274
246,H,I,0.598
246,H,K,0.6241
246,H,L,0.6063
246,H,M,0.6025
246,H,N,0.5788
246,H,P,0.1983
246,H,Q,0.6786
246,H,R,0.7013
246,H,S,0.6029
246,H,T,0.5855
246,H,V,0.6394
246,H,W,0.5107
246,H,Y,0.5478
247,V,*,-0.01439
247,V,A,0.5823
247,V,C,0.6198
247,V,D,0.4292
247,V,E,0.6023
247,V,F,0.5374
247,V,G,0.5001
247,V,H,0.6452
247,V,I,0.5731
247,V,K,0.591
247,V,L,0.6268
247,V,M,0.6368
247,V,N,0.4413
247,V,P,0.288
247,V,Q,0.6104
247,V,R,0.5561
247,V,S,0.5171
247,V,T,0.6675
247,V,W,0.5903
247,V,Y,0.6656
248,D,*,-0.02859
248,D,A,0.6038
248,D,C,0.6995
248,D,E,0.7174
248,D,F,0.7844
248,D,G,0.4696
248,D,H,0.687
248,D,I,0.7248
248,D,K,0.6844
248,D,L,0.6886
248,D,M,0.4867
248,D,N,0.6201
248,D,P,0.5112
248,D,Q,0.5929
248,D,R,0.6578
248,D,S,0.626
248,D,T,0.726
248,D,V,0.7033
248,D,W,0.6374
248,D,Y,0.791
249,I,*,-0.006111
249,I,A,0.6052
249,I,C,0.6682
249,I,D,0.721
249,I,E,0.6845
249,I,F,0.6833
249,I,G,0.492
249,I,H,0.6996
249,I,K,0.6748
249,I,L,0.7202
249,I,M,0.6775
249,I,N,0.6605
249,I,P,0.5191
249,I,Q,0.649
249,I,R,0.6524
249,I,S,0.7069
249,I,T,0.7236
249,I,V,0.5924
249,I,W,0.7246
249,I,Y,0.6885
250,L,*,0.01113
250,L,A,0.1098
250,L,C,0.6221
250,L,D,-0.01343
250,L,E,0.002406
250,L,F,0.5903
250,L,G,0.007955
250,L,H,0.01984
250,L,I,0.54
250,L,K,0.01118
250,L,M,0.6001
250,L,N,0.103
250,L,P,3.579e-05
250,L,Q,0.01127
250,L,R,-0.02067
250,L,S,-0.003151
250,L,T,0.1271
250,L,V,0.4859
250,L,W,0.01218
250,L,Y,0.1913
251,G,*,-0.01015
251,G,A,0.604
251,G,C,0.6782
251,G,D,0.5695
251,G,E,0.6744
251,G,F,0.7057
251,G,H,0.6105
251,G,I,0.6597
251,G,K,0.6093
251,G,L,0.6585
251,G,M,0.6275
251,G,N,0.6958
251,G,P,0.06937
251,G,Q,0.664
251,G,R,0.5941
251,G,S,0.5287
251,G,T,0.6738
251,G,V,0.7375
251,G,W,0.7608
251,G,Y,0.6504
252,P,*,-0.009064
252,P,A,0.6707
252,P,C,0.7943
252,P,D,0.7321
252,P,E,0.6506
252,P,F,0.8209
252,P,G,0.7709
252,P,H,0.7586
252,P,I,0.7232
252,P,K,0.7033
252,P,L,0.7511
252,P,M,0.7756
252,P,N,0.7035
252,P,Q,0.74
252,P,R,0.6999
252,P,S,0.6425
252,P,T,0.7555
252,P,V,0.7541
252,P,W,0.8195
252,P,Y,0.8145
253,L,*,-0.01181
253,L,A,0.197
253,L,C,0.4897
253,L,D,0.005309
253,L,E,2.224e-05
253,L,F,0.5149
253,L,G,0.008875
253,L,H,0.4083
253,L,I,0.56
253,L,K,-0.0151
253,L,M,0.505
253,L,N,0.07169
253,L,P,0.1255
253,L,Q,0.2071
253,L,R,0.01707
253,L,S,0.1151
253,L,T,0.1789
253,L,V,0.4252
253,L,W,0.1064
253,L,Y,0.1011
254,S,*,-0.007001
254,S,A,0.6602
254,S,C,0.5984
254,S,D,0.5875
254,S,E,0.6986
254,S,F,0.5612
254,S,G,0.6277
254,S,H,0.6351
254,S,I,0.536
254,S,K,0.5913
254,S,L,0.3775
254,S,M,0.6415
254,S,N,0.5541
254,S,P,0.5006
254,S,Q,0.6307
254,S,R,0.6005
254,S,T,0.5689
254,S,V,0.6188
254,S,W,0.6188
254,S,Y,0.6019
255,A,*,-0.003493
255,A,C,0.7363
255,A,D,0.5953
255,A,E,0.6304
255,A,F,0.7996
255,A,G,0.6636
255,A,H,0.6238
255,A,I,0.66
255,A,K,0.6797
255,A,L,0.649
255,A,M,0.6881
255,A,N,0.59
255,A,P,0.08792
255,A,Q,0.6356
255,A,R,0.7221
255,A,S,0.6779
255,A,T,0.662
255,A,V,0.6568
255,A,W,0.7583
255,A,Y,0.6607
256,Q,*,-0.01677
256,Q,A,0.678
256,Q,C,0.7742
256,Q,D,0.7439
256,Q,E,0.6184
256,Q,F,0.6936
256,Q,G,0.6705
256,Q,H,0.7
256,Q,I,0.627
256,Q,K,0.6663
256,Q,L,0.7735
256,Q,M,0.808
256,Q,N,0.7046
256,Q,P,0.6842
256,Q,R,0.6668
256,Q,S,0.6636
256,Q,T,0.7226
256,Q,V,0.721
256,Q,W,1.158
256,Q,Y,0.6556
257,T,*,0.01449
257,T,A,0.5858
257,T,C,0.6552
257,T,D,0.06801
257,T,E,0.426
257,T,F,0.1041
257,T,G,0.4994
257,T,H,0.2302
257,T,I,0.4629
257,T,K,0.06568
257,T,L,0.4576
257,T,M,0.4194
257,T,N,0.4392
257,T,P,0.1142
257,T,Q,0.3858
257,T,R,0.04535
257,T,S,0.5513
257,T,V,0.6797
257,T,W,0.07719
257,T,Y,0.252
259,I,*,-0.0001113
259,I,A,0.3999
259,I,C,0.6779
259,I,D,0.2151
259,I,E,0.5574
259,I,F,0.7135
259,I,G,-0.004985
259,I,H,0.5955
259,I,K,0.3374
259,I,L,0.6439
259,I,M,0.5743
259,I,N,0.2889
259,I,P,0.1264
259,I,Q,0.4598
259,I,R,0.3512
259,I,S,0.2297
259,I,V,0.616
259,I,W,0.5724
259,I,Y,0.6322
260,A,*,-0.01102
260,A,C,0.7009
260,A,D,0.7169
260,A,E,0.6015
260,A,F,0.657
260,A,G,0.7404
260,A,H,0.6704
260,A,I,0.6431
260,A,K,0.6817
260,A,L,0.713
260,A,M,0.6137
260,A,N,0.5698
260,A,P,0.6946
260,A,Q,0.6644
260,A,R,0.677
260,A,S,0.505
260,A,T,0.6555
260,A,V,0.6435
260,A,W,0.6132
260,A,Y,0.6211
261,V,*,0.02386
261,V,A,0.5893
261,V,C,0.6135
261,V,D,0.09392
261,V,E,0.6571
261,V,F,0.4911
261,V,G,0.5692
261,V,H,0.3568
261,V,I,0.6869
261,V,K,0.1828
261,V,L,0.5812
261,V,M,0.4986
261,V,N,0.1314
261,V,P,0.7453
261,V,Q,0.5927
261,V,R,0.301
261,V,S,0.5383
261,V,T,0.6225
261,V,W,0.4058
261,V,Y,0.4614
262,L,*,-0.01188
262,L,A,0.6518
262,L,C,0.5641
262,L,D,0.6586
262,L,E,0.5862
262,L,F,0.7014
262,L,G,0.6355
262,L,H,0.6941
262,L,I,0.6511
262,L,K,0.6599
262,L,M,0.733
262,L,N,0.7197
262,L,P,0.6733
262,L,Q,0.6785
262,L,R,0.556
262,L,S,0.583
262,L,T,0.5976
262,L,V,0.5888
262,L,W,0.6603
262,L,Y,0.6477
263,D,*,0.003642
263,D,A,0.6577
263,D,C,0.7185
263,D,E,0.6357
263,D,F,0.573
263,D,G,0.6737
263,D,H,0.7472
263,D,I,0.6702
263,D,K,0.6536
263,D,L,0.5137
263,D,M,0.5839
263,D,N,0.7118
263,D,P,0.5872
263,D,Q,0.5987
263,D,R,0.697
263,D,S,0.597
263,D,T,0.7433
263,D,V,0.4959
263,D,W,0.7216
263,D,Y,0.694
264,M,*,0.01399
264,M,A,0.4532
264,M,C,0.445
264,M,D,-0.009303
264,M,E,0.01014
264,M,F,0.1339
264,M,G,0.02163
264,M,H,0.08301
264,M,I,0.6041
264,M,K,0.01005
264,M,L,0.6029
264,M,N,0.01397
264,M,P,-0.02412
264,M,Q,0.4793
264,M,R,-0.01446
264,M,S,0.005405
264,M,T,0.1919
264,M,V,0.6097
264,M,W,-0.01012
264,M,Y,-0.00257
265,C,*,-0.02783
265,C,A,0.6025
265,C,D,0.03575
265,C,E,0.04009
265,C,F,0.2963
265,C,G,0.6128
265,C,H,0.005839
265,C,K,0.008802
265,C,L,0.7597
265,C,M,0.7962
265,C,N,0.07168
265,C,P,-0.003575
265,C,Q,0.29
265,C,R,-0.04444
265,C,S,0.6259
265,C,T,0.5239
265,C,V,0.577
265,C,W,0.002138
265,C,Y,0.2174
266,A,*,-0.02369
266,A,C,0.5994
266,A,D,0.6894
266,A,E,0.6898
266,A,F,0.7474
266,A,G,0.7158
266,A,H,0.6171
266,A,I,0.3799
266,A,K,0.5772
266,A,L,0.4876
266,A,M,0.5637
266,A,N,0.649
266,A,P,0.08522
266,A,Q,0.7049
266,A,R,0.6799
266,A,S,0.6751
266,A,T,0.2286
266,A,V,0.5534
266,A,W,0.5516
267,S,*,-0.0156
267,S,A,0.6028
267,S,C,0.6306
267,S,D,0.6164
267,S,E,0.534
267,S,F,0.6544
267,S,G,0.7086
267,S,H,0.4115
267,S,I,0.6821
267,S,K,0.2889
267,S,L,0.4663
267,S,M,0.6009
267,S,N,0.6435
267,S,P,0.3664
267,S,Q,0.6555
267,S,R,0.3034
267,S,T,0.7123
267,S,V,0.7158
267,S,W,0.3309
267,S,Y,0.6122
268,L,*,-0.01376
268,L,A,0.6567
268,L,C,0.6265
268,L,D,0.01271
268,L,E,-0.01523
268,L,F,0.4728
268,L,G,0.1669
268,L,H,0.2669
268,L,I,0.5701
268,L,K,0.005627
268,L,M,0.5583
268,L,N,0.01072
268,L,P,-0.0154
268,L,Q,0.03521
268,L,R,0.001688
268,L,S,0.1317
268,L,T,0.4954
268,L,V,0.612
268,L,W,0.02108
268,L,Y,0.1808
269,K,*,-0.00297
269,K,A,0.7023
269,K,C,0.7383
269,K,D,0.6709
269,K,E,0.698
269,K,F,0.817
269,K,G,0.7774
269,K,H,0.6126
269,K,I,0.7966
269,K,L,0.6086
269,K,M,0.7729
269,K,N,0.6327
269,K,P,0.326
269,K,Q,0.7157
269,K,R,0.5909
269,K,S,0.7005
269,K,T,0.7082
269,K,V,0.7251
269,K,W,0.8087
269,K,Y,0.8741
270,E,*,-0.01698
270,E,A,0.6924
270,E,C,0.6938
270,E,D,0.6916
270,E,F,0.6543
270,E,G,0.5597
270,E,H,0.6388
270,E,I,0.7774
270,E,K,0.5857
270,E,L,0.6456
270,E,M,0.7713
270,E,N,0.6943
270,E,P,0.5441
270,E,Q,0.5954
270,E,R,0.6819
270,E,S,0.6849
270,E,T,0.6622
270,E,V,0.7588
270,E,W,0.7347
270,E,Y,0.616
271,L,*,-0.01389
271,L,A,0.3073
271,L,C,0.5427
271,L,D,0.01017
271,L,E,0.03568
271,L,F,0.4857
271,L,G,0.03616
271,L,H,0.2084
271,L,I,0.6397
271,L,K,0.1178
271,L,M,0.6488
271,L,N,0.1795
271,L,P,0.01903
271,L,Q,0.3326
271,L,R,0.4447
271,L,S,0.123
271,L,T,0.5293
271,L,V,0.6699
271,L,W,0.1498
271,L,Y,0.2293
272,L,*,0.01269
272,L,A,0.7727
272,L,C,0.615
272,L,D,0.02816
272,L,E,0.3741
272,L,F,0.7532
272,L,G,0.2825
272,L,H,0.342
272,L,I,0.6614
272,L,K,0.3882
272,L,M,0.7594
272,L,N,0.3651
272,L,P,-5.888e-05
272,L,Q,0.6156
272,L,R,0.3504
272,L,S,0.5146
272,L,T,0.6713
272,L,V,0.7172
272,L,W,0.6443
272,L,Y,0.5688
273,Q,*,0.00865
273,Q,A,0.6209
273,Q,C,0.6693
273,Q,D,0.6397
273,Q,E,0.5855
273,Q,F,0.7186
273,Q,G,0.7063
273,Q,H,0.5595
273,Q,I,0.4798
273,Q,K,0.6963
273,Q,L,0.6221
273,Q,M,0.685
273,Q,N,0.6533
273,Q,P,0.734
273,Q,R,0.7468
273,Q,S,0.7104
273,Q,T,0.7041
273,Q,V,0.6994
273,Q,W,0.8275
273,Q,Y,0.6873
274,N,*,0.02463
274,N,A,0.6422
274,N,C,0.6465
274,N,D,0.632
274,N,E,0.6814
274,N,F,0.6982
274,N,G,0.6631
274,N,H,0.6166
274,N,I,0.7161
274,N,K,0.7529
274,N,L,0.7385
274,N,M,0.7343
274,N,P,0.4142
274,N,Q,0.6567
274,N,R,0.6799
274,N,S,0.662
274,N,T,0.7349
274,N,V,0.7535
274,N,W,0.6542
274,N,Y,0.6962
275,G,*,-0.002766
275,G,A,0.53
275,G,C,0.4788
275,G,D,0.692
275,G,E,0.6318
275,G,F,0.2746
275,G,H,0.6009
275,G,I,0.1833
275,G,K,0.639
275,G,L,0.2233
275,G,M,0.3419
275,G,N,0.6827
275,G,P,0.7262
275,G,Q,0.5574
275,G,S,0.6516
275,G,T,0.6556
275,G,V,0.2357
275,G,W,0.3429
275,G,Y,0.3883
276,M,*,0.008915
276,M,A,0.4418
276,M,C,0.6195
276,M,D,0.538
276,M,E,0.5358
276,M,F,0.6303
276,M,G,0.5625
276,M,H,0.5345
276,M,I,0.6637
276,M,K,0.5921
276,M,L,0.5822
276,M,N,0.6451
276,M,P,0.6087
276,M,Q,0.5246
276,M,R,0.5675
276,M,S,0.62
276,M,T,0.6316
276,M,V,0.5631
276,M,W,0.7189
276,M,Y,0.6677
277,N,A,0.6484
277,N,C,0.6679
277,N,D,0.5927
277,N,E,0.6198
277,N,F,0.6883
277,N,G,0.66
277,N,H,0.7362
277,N,I,0.6439
277,N,K,0.6406
277,N,L,0.7
277,N,M,0.6795
277,N,P,0.594
277,N,Q,0.6211
277,N,R,0.5731
277,N,S,0.647
277,N,T,0.6263
277,N,V,0.6952
277,N,W,0.8445
277,N,Y,0.749
278,G,*,0.01437
278,G,A,0.6522
278,G,C,0.6292
278,G,D,0.5759
278,G,E,0.6246
278,G,F,0.5683
278,G,H,0.6317
278,G,I,0.4566
278,G,K,0.621
278,G,L,0.5078
278,G,M,0.2413
278,G,N,0.6809
278,G,P,0.531
278,G,Q,0.6127
278,G,R,0.5797
278,G,S,0.514
278,G,T,0.5771
278,G,V,0.516
278,G,W,0.4931
278,G,Y,0.6867
279,R,*,0.004582
279,R,A,0.6193
279,R,C,0.3216
279,R,D,0.6533
279,R,E,0.4445
279,R,F,0.647
279,R,G,0.6875
279,R,H,0.6064
279,R,I,0.5414
279,R,K,0.6691
279,R,L,0.632
279,R,M,0.6463
279,R,N,0.739
279,R,P,0.5608
279,R,Q,0.6859
279,R,S,0.627
279,R,T,0.631
279,R,V,0.6191
279,R,Y,0.677
280,T,*,0.0135
280,T,A,0.6623
280,T,C,0.6907
280,T,D,0.5181
280,T,E,0.5643
280,T,F,0.5286
280,T,G,0.5563
280,T,H,0.5566
280,T,I,0.6813
280,T,K,0.6038
280,T,L,0.7155
280,T,M,0.6356
280,T,N,0.5912
280,T,P,0.6349
280,T,Q,0.596
280,T,R,0.6759
280,T,S,0.6249
280,T,V,0.6306
280,T,W,0.6037
280,T,Y,0.6271
281,I,*,0.02002
281,I,A,0.3516
281,I,C,0.3482
281,I,D,0.1037
281,I,E,0.1192
281,I,F,0.4335
281,I,G,0.1246
281,I,H,0.1186
281,I,K,0.08765
281,I,L,0.568
281,I,M,0.49
281,I,N,0.1244
281,I,P,0.202
281,I,Q,0.1172
281,I,R,0.0756
281,I,S,0.126
281,I,T,0.2983
281,I,V,0.628
281,I,W,0.29
281,I,Y,0.1324
282,L,*,-0.01066
282,L,A,0.3007
282,L,C,0.4247
282,L,D,0.1268
282,L,E,0.1501
282,L,F,0.3713
282,L,G,0.2045
282,L,H,0.335
282,L,I,0.5914
282,L,K,0.03832
282,L,M,0.555
282,L,N,0.3957
282,L,P,0.1925
282,L,Q,0.3164
282,L,R,0.08642
282,L,S,0.2025
282,L,T,0.1668
282,L,V,0.4154
282,L,W,0.1986
282,L,Y,0.1339
283,G,*,0.02044
283,G,A,0.6214
283,G,C,0.6347
283,G,D,0.6927
283,G,E,0.6287
283,G,F,0.5963
283,G,H,0.687
283,G,I,0.2625
283,G,K,0.4249
283,G,L,0.4529
283,G,M,0.6171
283,G,N,0.4905
283,G,P,0.124
283,G,Q,0.6415
283,G,R,0.675
283,G,S,0.6162
283,G,T,0.4835
283,G,V,0.3073
283,G,W,0.6089
283,G,Y,0.5952
284,S,*,0.00224
284,S,A,0.7144
284,S,C,0.6846
284,S,D,0.5548
284,S,E,0.6403
284,S,F,0.6066
284,S,G,0.6681
284,S,H,0.6404
284,S,I,0.6117
284,S,K,0.6551
284,S,L,0.6389
284,S,M,0.7065
284,S,N,0.875
284,S,P,0.2652
284,S,Q,0.6285
284,S,R,0.4803
284,S,T,0.6548
284,S,V,0.7087
284,S,W,0.6338
284,S,Y,0.5539
285,A,*,-0.009691
285,A,C,0.5584
285,A,D,0.2959
285,A,E,0.3548
285,A,F,0.4189
285,A,G,0.6856
285,A,H,0.3925
285,A,I,0.5199
285,A,K,0.3236
285,A,L,0.654
285,A,M,0.6027
285,A,N,0.4977
285,A,P,0.7495
285,A,Q,0.4838
285,A,R,0.3215
285,A,S,0.5565
285,A,T,0.5716
285,A,V,0.6037
285,A,W,0.5159
285,A,Y,0.4511
286,L,*,-0.01075
286,L,A,0.6302
286,L,C,0.6524
286,L,D,0.5727
286,L,E,0.4872
286,L,F,0.4848
286,L,G,0.6728
286,L,H,0.5621
286,L,I,0.6215
286,L,K,0.3899
286,L,M,0.6857
286,L,N,0.6604
286,L,P,0.6693
286,L,Q,0.7734
286,L,R,0.399
286,L,S,0.6465
286,L,T,0.6186
286,L,V,0.5322
286,L,W,0.409
286,L,Y,0.4652
287,L,*,-0.001265
287,L,A,0.693
287,L,C,0.6046
287,L,D,0.392
287,L,E,0.6209
287,L,F,0.7239
287,L,G,0.5902
287,L,H,0.5384
287,L,I,0.5834
287,L,K,0.3862
287,L,M,0.7712
287,L,N,0.5539
287,L,P,0.7969
287,L,Q,0.6371
287,L,R,0.393
287,L,S,0.5149
287,L,T,0.639
287,L,V,0.6988
287,L,W,0.6145
287,L,Y,0.6732
288,E,*,-0.01145
288,E,A,0.01743
288,E,C,0.04884
288,E,D,0.7878
288,E,F,0.07533
288,E,G,0.02635
288,E,H,-0.01676
288,E,I,0.04987
288,E,K,0.06113
288,E,L,0.03639
288,E,M,0.05735
288,E,N,0.07268
288,E,P,0.03697
288,E,Q,0.1626
288,E,R,0.06867
288,E,S,0.01782
288,E,T,0.0107
288,E,V,0.06552
288,E,W,0.04299
288,E,Y,0.1375
289,D,*,-0.03717
289,D,A,0.01841
289,D,C,-0.0149
289,D,E,0.06731
289,D,F,0.02312
289,D,G,-0.01416
289,D,H,-0.01572
289,D,I,-0.01188
289,D,K,-0.002438
289,D,L,-0.02798
289,D,M,0.01926
289,D,N,0.01494
289,D,P,0.0003507
289,D,Q,0.01054
289,D,R,-0.07093
289,D,S,-0.01395
289,D,T,-0.01327
289,D,V,-0.001086
289,D,W,-0.009473
289,D,Y,-0.008712
290,E,*,-0.0375
290,E,A,-0.02228
290,E,C,-0.001468
290,E,D,0.05745
290,E,F,0.02168
290,E,G,0.01484
290,E,H,-0.00389
290,E,I,0.002975
290,E,K,-0.000545
290,E,L,-0.005189
290,E,M,-0.01641
290,E,N,0.01531
290,E,P,-0.005988
290,E,Q,-0.02633
290,E,R,-0.01805
290,E,S,-0.01482
290,E,T,0.02172
290,E,V,-0.01577
290,E,W,-0.04804
290,E,Y,-0.01246
291,F,*,0.00951
291,F,A,0.6465
291,F,C,0.6909
291,F,D,0.1949
291,F,E,0.3678
291,F,G,0.1087
291,F,H,0.2923
291,F,I,0.6713
291,F,K,0.00384
291,F,L,0.502
291,F,M,0.4658
291,F,N,0.5929
291,F,P,-0.002894
291,F,Q,0.5433
291,F,R,0.0196
291,F,S,0.5869
291,F,T,0.5481
291,F,V,0.7045
291,F,W,0.4277
291,F,Y,0.5298
292,T,*,-0.01413
292,T,A,0.6906
292,T,C,0.5678
292,T,D,0.4517
292,T,E,0.4067
292,T,F,0.07002
292,T,G,0.5424
292,T,H,0.5656
292,T,I,0.03905
292,T,K,0.006685
292,T,L,0.02401
292,T,M,0.6457
292,T,N,0.369
292,T,P,0.1299
292,T,Q,0.4176
292,T,R,0.08433
292,T,S,0.6066
292,T,V,0.04283
292,T,W,0.2755
292,T,Y,0.2803
293,P,*,0.006301
293,P,A,0.7457
293,P,C,0.7712
293,P,D,0.248
293,P,E,0.512
293,P,F,0.5973
293,P,G,0.5436
293,P,H,0.5621
293,P,I,0.6806
293,P,K,0.4066
293,P,L,0.5683
293,P,M,0.6253
293,P,N,0.5683
293,P,Q,0.5642
293,P,R,0.2979
293,P,S,0.6836
293,P,T,0.7382
293,P,V,0.7418
293,P,W,0.6301
293,P,Y,0.5414
294,F,*,-0.01955
294,F,A,0.5702
294,F,C,0.6009
294,F,D,0.6036
294,F,E,0.6177
294,F,G,0.6468
294,F,H,0.6967
294,F,I,0.5388
294,F,K,0.6351
294,F,L,0.7354
294,F,M,0.7357
294,F,N,0.723
294,F,P,0.5287
294,F,Q,0.6129
294,F,R,0.6901
294,F,S,0.6925
294,F,T,0.6528
294,F,V,0.5646
294,F,W,0.7469
294,F,Y,0.6641
295,D,*,0.001506
295,D,A,0.004134
295,D,C,0.175
295,D,E,0.1202
295,D,F,0.03369
295,D,G,0.05919
295,D,H,-0.01245
295,D,I,-0.00221
295,D,K,0.004486
295,D,L,0.00438
295,D,M,0.009421
295,D,N,0.03671
295,D,P,-0.01674
295,D,Q,0.02014
295,D,R,-0.01143
295,D,S,0.00543
295,D,T,0.02166
295,D,V,-0.003227
295,D,W,0.01512
295,D,Y,0.01414
296,V,*,0.005255
296,V,A,0.3852
296,V,C,0.4449
296,V,D,0.02746
296,V,E,-0.005635
296,V,F,0.2066
296,V,G,0.05217
296,V,H,0.06433
296,V,I,0.4123
296,V,K,-0.007037
296,V,L,0.307
296,V,M,0.0975
296,V,N,-0.008709
296,V,P,0.01648
296,V,Q,0.001159
296,V,R,-0.007889
296,V,S,0.1638
296,V,T,0.3763
296,V,W,0.1633
296,V,Y,0.135
297,V,*,-0.009032
297,V,A,0.6132
297,V,C,0.5822
297,V,D,0.6272
297,V,E,0.6537
297,V,F,0.6791
297,V,G,0.5334
297,V,H,0.5761
297,V,I,0.5755
297,V,K,0.5645
297,V,L,0.6471
297,V,M,0.5732
297,V,N,0.5929
297,V,P,0.208
297,V,Q,0.6111
297,V,R,0.6051
297,V,S,0.6027
297,V,T,0.5557
297,V,W,0.6663
297,V,Y,0.701
298,R,*,-0.02474
298,R,A,0.1612
298,R,C,0.1223
298,R,D,0.04194
298,R,E,0.01211
298,R,F,0.1992
298,R,G,0.07838
298,R,H,0.2547
298,R,I,0.1311
298,R,K,0.4096
298,R,L,0.1373
298,R,M,0.1339
298,R,N,0.1744
298,R,P,-0.006843
298,R,Q,0.1262
298,R,S,0.09923
298,R,T,0.1035
298,R,V,0.1431
298,R,W,0.8562
298,R,Y,0.2994
299,Q,*,0.0013
299,Q,A,0.13
299,Q,C,0.2437
299,Q,D,0.001303
299,Q,E,0.04637
299,Q,F,0.2478
299,Q,G,0.1063
299,Q,H,0.3168
299,Q,I,0.5241
299,Q,K,0.0134
299,Q,L,0.3419
299,Q,M,0.2043
299,Q,N,0.2178
299,Q,P,0.03096
299,Q,R,0.1426
299,Q,S,0.1068
299,Q,T,0.1486
299,Q,V,0.3239
299,Q,W,0.1633
299,Q,Y,0.2112
300,C,*,0.03013
300,C,A,0.5095
300,C,D,0.1098
300,C,E,0.2342
300,C,F,0.541
300,C,G,0.3649
300,C,H,0.3255
300,C,I,0.7979
300,C,K,0.4043
300,C,L,0.6766
300,C,M,0.7416
300,C,N,0.3732
300,C,P,0.01257
300,C,Q,0.4616
300,C,R,0.3375
300,C,S,0.5235
300,C,T,0.6968
300,C,V,0.6947
300,C,W,0.2764
300,C,Y,0.4378
301,S,*,0.327
301,S,A,0.632
301,S,C,0.5844
301,S,D,0.5253
301,S,E,0.546
301,S,F,0.713
301,S,G,0.6402
301,S,H,0.7262
301,S,I,0.5842
301,S,K,0.6734
301,S,L,0.6893
301,S,M,0.7594
301,S,N,0.7584
301,S,P,0.4403
301,S,Q,0.7117
301,S,R,0.7527
301,S,T,0.678
301,S,V,0.5999
301,S,W,0.9982
301,S,Y,0.8515
302,G,*,0.3398
302,G,A,0.6192
302,G,C,0.5506
302,G,D,0.4049
302,G,E,0.4157
302,G,F,0.5109
302,G,H,0.4394
302,G,I,0.5702
302,G,K,0.4775
302,G,L,0.5285
302,G,M,0.5368
302,G,N,0.4635
302,G,P,0.6238
302,G,Q,0.5075
302,G,R,0.5244
302,G,S,0.4769
302,G,T,0.449
302,G,V,0.5696
302,G,W,0.5032
302,G,Y,0.5385
303,V,*,0.3808
303,V,A,0.6087
303,V,C,0.567
303,V,D,0.4859
303,V,E,0.5413
303,V,F,0.6815
303,V,G,0.3523
303,V,H,0.6268
303,V,I,0.4667
303,V,K,0.4691
303,V,L,0.7032
303,V,M,0.6042
303,V,N,0.5162
303,V,P,0.5117
303,V,Q,0.5502
303,V,R,0.5733
303,V,S,0.5396
303,V,T,0.6004
303,V,W,0.7
303,V,Y,0.6811
304,T,*,0.4789
304,T,A,0.5474
304,T,C,0.5047
304,T,D,0.4605
304,T,E,0.4243
304,T,F,0.5744
304,T,G,0.5701
304,T,H,0.5487
304,T,I,0.5222
304,T,K,0.4814
304,T,L,0.4882
304,T,M,0.5953
304,T,N,0.5074
304,T,P,0.5039
304,T,Q,0.475
304,T,R,0.5079
304,T,S,0.5123
304,T,V,0.6223
304,T,W,0.6016
304,T,Y,0.6194
305,F,*,0.324
305,F,A,0.4614
305,F,C,0.6588
305,F,D,0.4342
305,F,E,0.4349
305,F,G,0.4952
305,F,H,0.5282
305,F,I,0.6162
305,F,K,0.4365
305,F,L,0.5349
305,F,M,0.5041
305,F,N,0.4817
305,F,P,0.4393
305,F,Q,0.4909
305,F,R,0.5006
305,F,S,0.4966
305,F,T,0.5466
305,F,V,0.6715
305,F,W,0.5495
305,F,Y,0.7174
306,Q,*,0.6045
306,Q,A,0.7126
306,Q,C,0.746
306,Q,D,0.6043
306,Q,E,0.6072
306,Q,F,0.7805
306,Q,G,0.7403
306,Q,H,0.7854
306,Q,I,0.7425
306,Q,K,0.6638
306,Q,L,0.7169
306,Q,M,0.6655
306,Q,N,0.5921
306,Q,P,0.7632
306,Q,R,0.6057
306,Q,S,0.6853
306,Q,T,0.6444
306,Q,V,0.6729
306,Q,W,0.7102
306,Q,Y,0.6222
